Name,Team,G,AB,PA,H_b,1B,2B,3B,HR_b,R_b,RBI,BB_b,IBB_b,SO_b,BB%,K%,BB/K,BABIP_b,HBP_b,SF,SH,GDP,SB,CS,Def,ISO,wOBA,wRAA,AVG,OBP,SLG,OPS,WAR,wRC+,WPA,W,L,GS,CG,IP,H_p,HR_p,BB_p,SO_p,R_p,SV,BS,BK,ER,HBP_p,HLD,IBB_p,ShO,TBF,WP,HR/9,BB/9,K/9,K/BB,K-BB%,GB%,HR/FB,LOB%,ERA,BABIP_p,FIP,WHIP
Ben Zobrist,Rays,152,501.0,599.0,149.0,87.0,28.0,7.0,27.0,91.0,91.0,91.0,4.0,104.0,15.2,17.4,0.88,0.326,2.0,4.0,1.0,7.0,17.0,6.0,22.3,0.246,0.407,38.8,0.297,0.405,0.5429999999999999,0.948,8.6,152.0,4.44,0.0,0.0,0.0,0.0,0.0,0.0,0.0,0.0,0.0,0.0,0.0,0.0,0.0,0.0,0.0,0.0,0.0,0.0,0.0,0.0,0.0,0.0,0.0,0.0,0.0,0.0,0.0,0.0,0.0,0.0,0.0,0.0
Albert Pujols,Cardinals,160,568.0,700.0,186.0,93.0,45.0,1.0,47.0,124.0,135.0,115.0,44.0,64.0,16.4,9.1,1.8,0.299,9.0,8.0,0.0,23.0,16.0,4.0,-8.8,0.331,0.447,68.5,0.327,0.443,0.6579999999999999,1.101,8.4,180.0,8.04,0.0,0.0,0.0,0.0,0.0,0.0,0.0,0.0,0.0,0.0,0.0,0.0,0.0,0.0,0.0,0.0,0.0,0.0,0.0,0.0,0.0,0.0,0.0,0.0,0.0,0.0,0.0,0.0,0.0,0.0,0.0,0.0
Chase Utley,Phillies,156,571.0,687.0,161.0,98.0,28.0,4.0,31.0,112.0,93.0,88.0,3.0,110.0,12.8,16.0,0.8,0.3,24.0,4.0,0.0,5.0,23.0,0.0,13.4,0.226,0.394,37.3,0.282,0.397,0.508,0.905,8.2,141.0,4.52,0.0,0.0,0.0,0.0,0.0,0.0,0.0,0.0,0.0,0.0,0.0,0.0,0.0,0.0,0.0,0.0,0.0,0.0,0.0,0.0,0.0,0.0,0.0,0.0,0.0,0.0,0.0,0.0,0.0,0.0,0.0,0.0
Joe Mauer,Twins,138,523.0,606.0,191.0,132.0,30.0,1.0,28.0,94.0,96.0,76.0,14.0,63.0,12.5,10.4,1.21,0.373,2.0,5.0,0.0,13.0,4.0,1.0,4.6,0.222,0.438,54.8,0.365,0.444,0.5870000000000001,1.031,7.6,170.0,3.85,0.0,0.0,0.0,0.0,0.0,0.0,0.0,0.0,0.0,0.0,0.0,0.0,0.0,0.0,0.0,0.0,0.0,0.0,0.0,0.0,0.0,0.0,0.0,0.0,0.0,0.0,0.0,0.0,0.0,0.0,0.0,0.0
Evan Longoria,Rays,157,584.0,671.0,164.0,87.0,44.0,0.0,33.0,100.0,113.0,72.0,11.0,140.0,10.7,20.9,0.51,0.313,8.0,7.0,0.0,27.0,9.0,0.0,21.6,0.245,0.377,26.9,0.281,0.364,0.526,0.889,7.1,132.0,2.14,0.0,0.0,0.0,0.0,0.0,0.0,0.0,0.0,0.0,0.0,0.0,0.0,0.0,0.0,0.0,0.0,0.0,0.0,0.0,0.0,0.0,0.0,0.0,0.0,0.0,0.0,0.0,0.0,0.0,0.0,0.0,0.0
Hanley Ramirez,Marlins,151,576.0,652.0,197.0,130.0,42.0,1.0,24.0,101.0,106.0,61.0,14.0,101.0,9.4,15.5,0.6,0.379,9.0,5.0,1.0,9.0,27.0,8.0,6.2,0.201,0.407,42.1,0.342,0.41,0.5429999999999999,0.954,7.1,149.0,3.48,0.0,0.0,0.0,0.0,0.0,0.0,0.0,0.0,0.0,0.0,0.0,0.0,0.0,0.0,0.0,0.0,0.0,0.0,0.0,0.0,0.0,0.0,0.0,0.0,0.0,0.0,0.0,0.0,0.0,0.0,0.0,0.0
Derek Jeter,Yankees,153,634.0,716.0,212.0,166.0,27.0,1.0,18.0,107.0,66.0,72.0,4.0,90.0,10.1,12.6,0.8,0.368,5.0,1.0,4.0,18.0,30.0,5.0,12.2,0.131,0.385,33.1,0.334,0.406,0.465,0.871,6.6,130.0,1.46,0.0,0.0,0.0,0.0,0.0,0.0,0.0,0.0,0.0,0.0,0.0,0.0,0.0,0.0,0.0,0.0,0.0,0.0,0.0,0.0,0.0,0.0,0.0,0.0,0.0,0.0,0.0,0.0,0.0,0.0,0.0,0.0
Ryan Zimmerman,Nationals,157,610.0,694.0,178.0,105.0,37.0,3.0,33.0,110.0,106.0,72.0,9.0,119.0,10.4,17.1,0.61,0.31,2.0,9.0,0.0,22.0,2.0,0.0,14.1,0.233,0.377,27.8,0.292,0.364,0.525,0.888,6.6,130.0,2.77,0.0,0.0,0.0,0.0,0.0,0.0,0.0,0.0,0.0,0.0,0.0,0.0,0.0,0.0,0.0,0.0,0.0,0.0,0.0,0.0,0.0,0.0,0.0,0.0,0.0,0.0,0.0,0.0,0.0,0.0,0.0,0.0
Chone Figgins,Angels,158,615.0,729.0,183.0,141.0,30.0,7.0,5.0,114.0,54.0,101.0,0.0,114.0,13.9,15.6,0.89,0.35600000000000004,1.0,4.0,8.0,8.0,42.0,17.0,18.5,0.096,0.35700000000000004,16.9,0.298,0.395,0.393,0.789,6.5,116.0,2.67,0.0,0.0,0.0,0.0,0.0,0.0,0.0,0.0,0.0,0.0,0.0,0.0,0.0,0.0,0.0,0.0,0.0,0.0,0.0,0.0,0.0,0.0,0.0,0.0,0.0,0.0,0.0,0.0,0.0,0.0,0.0,0.0
Franklin Gutierrez,Mariners,153,565.0,629.0,160.0,117.0,24.0,1.0,18.0,85.0,70.0,46.0,3.0,122.0,7.3,19.4,0.38,0.333,3.0,2.0,13.0,14.0,16.0,5.0,33.4,0.142,0.335,3.4,0.28300000000000003,0.339,0.425,0.764,6.0,104.0,3.4,0.0,0.0,0.0,0.0,0.0,0.0,0.0,0.0,0.0,0.0,0.0,0.0,0.0,0.0,0.0,0.0,0.0,0.0,0.0,0.0,0.0,0.0,0.0,0.0,0.0,0.0,0.0,0.0,0.0,0.0,0.0,0.0
Prince Fielder,Brewers,162,591.0,719.0,177.0,93.0,35.0,3.0,46.0,103.0,141.0,110.0,21.0,138.0,15.3,19.2,0.8,0.315,9.0,9.0,0.0,14.0,2.0,3.0,-12.1,0.303,0.422,55.5,0.299,0.412,0.602,1.014,5.9,161.0,7.97,0.0,0.0,0.0,0.0,0.0,0.0,0.0,0.0,0.0,0.0,0.0,0.0,0.0,0.0,0.0,0.0,0.0,0.0,0.0,0.0,0.0,0.0,0.0,0.0,0.0,0.0,0.0,0.0,0.0,0.0,0.0,0.0
Carl Crawford,Rays,156,606.0,672.0,185.0,134.0,28.0,8.0,15.0,96.0,68.0,51.0,1.0,99.0,7.6,14.7,0.52,0.342,8.0,5.0,2.0,7.0,60.0,16.0,10.9,0.147,0.358,16.2,0.305,0.364,0.452,0.816,5.9,120.0,0.63,0.0,0.0,0.0,0.0,0.0,0.0,0.0,0.0,0.0,0.0,0.0,0.0,0.0,0.0,0.0,0.0,0.0,0.0,0.0,0.0,0.0,0.0,0.0,0.0,0.0,0.0,0.0,0.0,0.0,0.0,0.0,0.0
Kevin Youkilis,Red Sox,136,491.0,588.0,150.0,86.0,36.0,1.0,27.0,99.0,94.0,77.0,6.0,125.0,13.1,21.3,0.62,0.359,16.0,4.0,0.0,9.0,7.0,2.0,1.9,0.242,0.413,41.0,0.305,0.413,0.5479999999999999,0.961,5.9,147.0,2.5,0.0,0.0,0.0,0.0,0.0,0.0,0.0,0.0,0.0,0.0,0.0,0.0,0.0,0.0,0.0,0.0,0.0,0.0,0.0,0.0,0.0,0.0,0.0,0.0,0.0,0.0,0.0,0.0,0.0,0.0,0.0,0.0
Adrian Gonzalez,Padres,160,552.0,681.0,153.0,84.0,27.0,2.0,40.0,90.0,99.0,119.0,22.0,109.0,17.5,16.0,1.09,0.278,5.0,4.0,1.0,23.0,1.0,1.0,-5.1,0.274,0.404,42.1,0.277,0.407,0.551,0.958,5.8,156.0,4.09,0.0,0.0,0.0,0.0,0.0,0.0,0.0,0.0,0.0,0.0,0.0,0.0,0.0,0.0,0.0,0.0,0.0,0.0,0.0,0.0,0.0,0.0,0.0,0.0,0.0,0.0,0.0,0.0,0.0,0.0,0.0,0.0
Ichiro Suzuki,Mariners,146,639.0,678.0,225.0,179.0,31.0,4.0,11.0,88.0,46.0,32.0,15.0,71.0,4.7,10.5,0.45,0.384,4.0,1.0,2.0,1.0,26.0,9.0,2.1,0.113,0.3670000000000001,21.6,0.35200000000000004,0.386,0.465,0.851,5.4,125.0,3.89,0.0,0.0,0.0,0.0,0.0,0.0,0.0,0.0,0.0,0.0,0.0,0.0,0.0,0.0,0.0,0.0,0.0,0.0,0.0,0.0,0.0,0.0,0.0,0.0,0.0,0.0,0.0,0.0,0.0,0.0,0.0,0.0
Matt Holliday,Athletics,156,581.0,670.0,182.0,116.0,39.0,3.0,24.0,94.0,109.0,72.0,8.0,101.0,10.7,15.1,0.71,0.341,10.0,7.0,0.0,13.0,14.0,7.0,-3.3,0.201,0.391,34.5,0.313,0.394,0.515,0.909,5.4,141.0,3.43,0.0,0.0,0.0,0.0,0.0,0.0,0.0,0.0,0.0,0.0,0.0,0.0,0.0,0.0,0.0,0.0,0.0,0.0,0.0,0.0,0.0,0.0,0.0,0.0,0.0,0.0,0.0,0.0,0.0,0.0,0.0,0.0
Troy Tulowitzki,Rockies,151,543.0,628.0,161.0,95.0,25.0,9.0,32.0,101.0,92.0,73.0,4.0,112.0,11.6,17.8,0.65,0.316,3.0,9.0,0.0,20.0,20.0,11.0,9.7,0.256,0.395,34.4,0.297,0.377,0.552,0.93,5.4,132.0,0.31,0.0,0.0,0.0,0.0,0.0,0.0,0.0,0.0,0.0,0.0,0.0,0.0,0.0,0.0,0.0,0.0,0.0,0.0,0.0,0.0,0.0,0.0,0.0,0.0,0.0,0.0,0.0,0.0,0.0,0.0,0.0,0.0
Derrek Lee,Cubs,141,532.0,615.0,163.0,90.0,36.0,2.0,35.0,91.0,111.0,76.0,6.0,109.0,12.4,17.7,0.7,0.327,3.0,4.0,0.0,12.0,1.0,0.0,-4.4,0.273,0.413,42.8,0.306,0.393,0.579,0.972,5.2,150.0,3.65,0.0,0.0,0.0,0.0,0.0,0.0,0.0,0.0,0.0,0.0,0.0,0.0,0.0,0.0,0.0,0.0,0.0,0.0,0.0,0.0,0.0,0.0,0.0,0.0,0.0,0.0,0.0,0.0,0.0,0.0,0.0,0.0
Jason Bartlett,Rays,137,500.0,567.0,160.0,110.0,29.0,7.0,14.0,90.0,66.0,54.0,2.0,89.0,9.5,15.7,0.61,0.364,5.0,4.0,4.0,5.0,30.0,7.0,0.2,0.17,0.383,25.4,0.32,0.389,0.49,0.879,5.2,136.0,2.41,0.0,0.0,0.0,0.0,0.0,0.0,0.0,0.0,0.0,0.0,0.0,0.0,0.0,0.0,0.0,0.0,0.0,0.0,0.0,0.0,0.0,0.0,0.0,0.0,0.0,0.0,0.0,0.0,0.0,0.0,0.0,0.0
Pablo Sandoval,Giants,153,572.0,633.0,189.0,115.0,44.0,5.0,25.0,79.0,90.0,52.0,13.0,83.0,8.2,13.1,0.63,0.35,4.0,5.0,0.0,10.0,5.0,5.0,-4.7,0.226,0.399,36.7,0.33,0.387,0.556,0.943,5.2,146.0,4.54,0.0,0.0,0.0,0.0,0.0,0.0,0.0,0.0,0.0,0.0,0.0,0.0,0.0,0.0,0.0,0.0,0.0,0.0,0.0,0.0,0.0,0.0,0.0,0.0,0.0,0.0,0.0,0.0,0.0,0.0,0.0,0.0
Mark Teixeira,Yankees,156,609.0,707.0,178.0,93.0,43.0,3.0,39.0,103.0,122.0,81.0,9.0,114.0,11.5,16.1,0.71,0.302,12.0,5.0,0.0,13.0,2.0,0.0,-11.0,0.273,0.402,42.9,0.292,0.383,0.565,0.948,5.1,142.0,3.61,0.0,0.0,0.0,0.0,0.0,0.0,0.0,0.0,0.0,0.0,0.0,0.0,0.0,0.0,0.0,0.0,0.0,0.0,0.0,0.0,0.0,0.0,0.0,0.0,0.0,0.0,0.0,0.0,0.0,0.0,0.0,0.0
Ryan Braun,Brewers,158,635.0,708.0,203.0,126.0,39.0,6.0,32.0,113.0,114.0,57.0,1.0,121.0,8.1,17.1,0.47,0.353,13.0,3.0,0.0,7.0,20.0,6.0,-20.8,0.231,0.403,43.7,0.32,0.386,0.551,0.937,5.1,149.0,4.4,0.0,0.0,0.0,0.0,0.0,0.0,0.0,0.0,0.0,0.0,0.0,0.0,0.0,0.0,0.0,0.0,0.0,0.0,0.0,0.0,0.0,0.0,0.0,0.0,0.0,0.0,0.0,0.0,0.0,0.0,0.0,0.0
Shin-Soo Choo,Indians,156,583.0,685.0,175.0,111.0,38.0,6.0,20.0,87.0,86.0,78.0,5.0,151.0,11.4,22.0,0.52,0.37,17.0,7.0,0.0,9.0,21.0,2.0,-8.7,0.189,0.384,31.4,0.3,0.394,0.489,0.883,5.0,134.0,2.07,0.0,0.0,0.0,0.0,0.0,0.0,0.0,0.0,0.0,0.0,0.0,0.0,0.0,0.0,0.0,0.0,0.0,0.0,0.0,0.0,0.0,0.0,0.0,0.0,0.0,0.0,0.0,0.0,0.0,0.0,0.0,0.0
Miguel Cabrera,Tigers,160,611.0,685.0,198.0,130.0,34.0,0.0,34.0,96.0,103.0,68.0,14.0,107.0,9.9,15.6,0.64,0.348,5.0,1.0,0.0,22.0,6.0,2.0,-6.7,0.223,0.402,41.5,0.324,0.396,0.547,0.942,5.0,143.0,1.53,0.0,0.0,0.0,0.0,0.0,0.0,0.0,0.0,0.0,0.0,0.0,0.0,0.0,0.0,0.0,0.0,0.0,0.0,0.0,0.0,0.0,0.0,0.0,0.0,0.0,0.0,0.0,0.0,0.0,0.0,0.0,0.0
Matt Kemp,Dodgers,159,606.0,667.0,180.0,122.0,25.0,7.0,26.0,97.0,101.0,52.0,6.0,139.0,7.8,20.8,0.37,0.345,3.0,6.0,0.0,14.0,34.0,8.0,5.1,0.193,0.362,18.2,0.297,0.35200000000000004,0.49,0.8420000000000001,4.9,123.0,2.55,0.0,0.0,0.0,0.0,0.0,0.0,0.0,0.0,0.0,0.0,0.0,0.0,0.0,0.0,0.0,0.0,0.0,0.0,0.0,0.0,0.0,0.0,0.0,0.0,0.0,0.0,0.0,0.0,0.0,0.0,0.0,0.0
Justin Upton,Diamondbacks,138,526.0,588.0,158.0,95.0,30.0,7.0,26.0,84.0,86.0,55.0,3.0,137.0,9.4,23.3,0.4,0.36,2.0,4.0,1.0,10.0,20.0,5.0,1.6,0.232,0.385,27.2,0.3,0.366,0.532,0.899,4.9,130.0,2.21,0.0,0.0,0.0,0.0,0.0,0.0,0.0,0.0,0.0,0.0,0.0,0.0,0.0,0.0,0.0,0.0,0.0,0.0,0.0,0.0,0.0,0.0,0.0,0.0,0.0,0.0,0.0,0.0,0.0,0.0,0.0,0.0
Nyjer Morgan,Pirates,120,469.0,533.0,144.0,119.0,15.0,7.0,3.0,74.0,39.0,40.0,2.0,74.0,7.5,13.9,0.54,0.355,9.0,5.0,10.0,9.0,42.0,17.0,25.9,0.081,0.338,4.0,0.307,0.369,0.388,0.757,4.8,104.0,0.25,0.0,0.0,0.0,0.0,0.0,0.0,0.0,0.0,0.0,0.0,0.0,0.0,0.0,0.0,0.0,0.0,0.0,0.0,0.0,0.0,0.0,0.0,0.0,0.0,0.0,0.0,0.0,0.0,0.0,0.0,0.0,0.0
J.D. Drew,Red Sox,137,452.0,539.0,126.0,68.0,30.0,4.0,24.0,84.0,68.0,82.0,5.0,109.0,15.2,20.2,0.75,0.319,3.0,1.0,1.0,6.0,2.0,6.0,5.4,0.243,0.394,29.2,0.279,0.392,0.522,0.914,4.8,135.0,0.66,0.0,0.0,0.0,0.0,0.0,0.0,0.0,0.0,0.0,0.0,0.0,0.0,0.0,0.0,0.0,0.0,0.0,0.0,0.0,0.0,0.0,0.0,0.0,0.0,0.0,0.0,0.0,0.0,0.0,0.0,0.0,0.0
Michael Bourn,Astros,157,606.0,678.0,173.0,131.0,27.0,12.0,3.0,97.0,35.0,63.0,1.0,140.0,9.3,20.6,0.45,0.366,2.0,2.0,5.0,1.0,61.0,12.0,12.4,0.099,0.33,0.6,0.285,0.354,0.384,0.738,4.8,100.0,1.2,0.0,0.0,0.0,0.0,0.0,0.0,0.0,0.0,0.0,0.0,0.0,0.0,0.0,0.0,0.0,0.0,0.0,0.0,0.0,0.0,0.0,0.0,0.0,0.0,0.0,0.0,0.0,0.0,0.0,0.0,0.0,0.0
Jayson Werth,Phillies,159,571.0,676.0,153.0,90.0,26.0,1.0,36.0,98.0,99.0,91.0,8.0,156.0,13.5,23.1,0.58,0.304,8.0,6.0,0.0,11.0,20.0,3.0,-2.5,0.238,0.378,27.3,0.268,0.373,0.506,0.879,4.7,130.0,1.57,0.0,0.0,0.0,0.0,0.0,0.0,0.0,0.0,0.0,0.0,0.0,0.0,0.0,0.0,0.0,0.0,0.0,0.0,0.0,0.0,0.0,0.0,0.0,0.0,0.0,0.0,0.0,0.0,0.0,0.0,0.0,0.0
Joey Votto,Reds,131,469.0,544.0,151.0,87.0,38.0,1.0,25.0,82.0,84.0,70.0,10.0,106.0,12.9,19.5,0.66,0.3720000000000001,4.0,1.0,0.0,8.0,4.0,1.0,-10.4,0.245,0.418,40.1,0.322,0.414,0.5670000000000001,0.981,4.6,155.0,5.98,0.0,0.0,0.0,0.0,0.0,0.0,0.0,0.0,0.0,0.0,0.0,0.0,0.0,0.0,0.0,0.0,0.0,0.0,0.0,0.0,0.0,0.0,0.0,0.0,0.0,0.0,0.0,0.0,0.0,0.0,0.0,0.0
Dustin Pedroia,Red Sox,154,626.0,714.0,185.0,121.0,48.0,1.0,15.0,115.0,72.0,74.0,3.0,45.0,10.4,6.3,1.64,0.297,5.0,6.0,3.0,19.0,20.0,8.0,10.7,0.152,0.359,18.1,0.29600000000000004,0.371,0.447,0.8190000000000001,4.6,112.0,-0.48,0.0,0.0,0.0,0.0,0.0,0.0,0.0,0.0,0.0,0.0,0.0,0.0,0.0,0.0,0.0,0.0,0.0,0.0,0.0,0.0,0.0,0.0,0.0,0.0,0.0,0.0,0.0,0.0,0.0,0.0,0.0,0.0
Casey Blake,Dodgers,139,485.0,565.0,136.0,87.0,25.0,6.0,18.0,84.0,79.0,63.0,8.0,116.0,11.2,20.5,0.54,0.327,6.0,10.0,1.0,12.0,3.0,4.0,13.2,0.188,0.35700000000000004,13.3,0.28,0.363,0.468,0.8320000000000001,4.6,120.0,2.62,0.0,0.0,0.0,0.0,0.0,0.0,0.0,0.0,0.0,0.0,0.0,0.0,0.0,0.0,0.0,0.0,0.0,0.0,0.0,0.0,0.0,0.0,0.0,0.0,0.0,0.0,0.0,0.0,0.0,0.0,0.0,0.0
Jason Bay,Red Sox,151,531.0,638.0,142.0,74.0,29.0,3.0,36.0,103.0,119.0,94.0,4.0,162.0,14.7,25.4,0.58,0.315,9.0,4.0,0.0,9.0,13.0,3.0,-6.0,0.269,0.395,35.1,0.267,0.384,0.537,0.921,4.6,135.0,4.48,0.0,0.0,0.0,0.0,0.0,0.0,0.0,0.0,0.0,0.0,0.0,0.0,0.0,0.0,0.0,0.0,0.0,0.0,0.0,0.0,0.0,0.0,0.0,0.0,0.0,0.0,0.0,0.0,0.0,0.0,0.0,0.0
Ian Kinsler,Rangers,144,566.0,640.0,143.0,76.0,32.0,4.0,31.0,101.0,86.0,59.0,0.0,77.0,9.2,12.0,0.77,0.241,6.0,6.0,3.0,9.0,31.0,5.0,12.2,0.235,0.35100000000000003,11.7,0.253,0.327,0.488,0.8140000000000001,4.5,105.0,0.91,0.0,0.0,0.0,0.0,0.0,0.0,0.0,0.0,0.0,0.0,0.0,0.0,0.0,0.0,0.0,0.0,0.0,0.0,0.0,0.0,0.0,0.0,0.0,0.0,0.0,0.0,0.0,0.0,0.0,0.0,0.0,0.0
Ryan Howard,Phillies,160,616.0,703.0,172.0,86.0,37.0,4.0,45.0,105.0,141.0,75.0,8.0,186.0,10.7,26.5,0.4,0.325,6.0,6.0,0.0,11.0,8.0,1.0,-11.5,0.292,0.392,37.0,0.279,0.36,0.5710000000000001,0.931,4.5,139.0,6.29,0.0,0.0,0.0,0.0,0.0,0.0,0.0,0.0,0.0,0.0,0.0,0.0,0.0,0.0,0.0,0.0,0.0,0.0,0.0,0.0,0.0,0.0,0.0,0.0,0.0,0.0,0.0,0.0,0.0,0.0,0.0,0.0
Marco Scutaro,Blue Jays,144,574.0,680.0,162.0,114.0,35.0,1.0,12.0,100.0,60.0,90.0,0.0,75.0,13.2,11.0,1.2,0.304,4.0,7.0,5.0,12.0,14.0,5.0,5.7,0.127,0.353,13.8,0.282,0.379,0.409,0.789,4.2,112.0,0.73,0.0,0.0,0.0,0.0,0.0,0.0,0.0,0.0,0.0,0.0,0.0,0.0,0.0,0.0,0.0,0.0,0.0,0.0,0.0,0.0,0.0,0.0,0.0,0.0,0.0,0.0,0.0,0.0,0.0,0.0,0.0,0.0
Mike Cameron,Brewers,149,544.0,628.0,136.0,77.0,32.0,3.0,24.0,78.0,70.0,75.0,3.0,156.0,11.9,24.8,0.48,0.304,4.0,5.0,0.0,12.0,7.0,3.0,13.7,0.202,0.34600000000000003,9.0,0.25,0.342,0.452,0.795,4.2,110.0,-0.74,0.0,0.0,0.0,0.0,0.0,0.0,0.0,0.0,0.0,0.0,0.0,0.0,0.0,0.0,0.0,0.0,0.0,0.0,0.0,0.0,0.0,0.0,0.0,0.0,0.0,0.0,0.0,0.0,0.0,0.0,0.0,0.0
Denard Span,Twins,145,578.0,676.0,180.0,146.0,16.0,10.0,8.0,97.0,68.0,70.0,3.0,89.0,10.4,13.2,0.79,0.353,10.0,6.0,12.0,7.0,23.0,10.0,-5.0,0.104,0.359,17.1,0.311,0.392,0.415,0.807,4.1,118.0,0.14,0.0,0.0,0.0,0.0,0.0,0.0,0.0,0.0,0.0,0.0,0.0,0.0,0.0,0.0,0.0,0.0,0.0,0.0,0.0,0.0,0.0,0.0,0.0,0.0,0.0,0.0,0.0,0.0,0.0,0.0,0.0,0.0
Scott Rolen,Blue Jays,128,475.0,535.0,145.0,97.0,36.0,1.0,11.0,76.0,67.0,45.0,1.0,62.0,8.4,11.6,0.73,0.327,7.0,8.0,0.0,4.0,5.0,4.0,6.0,0.149,0.36,13.8,0.305,0.368,0.455,0.823,4.0,116.0,2.02,0.0,0.0,0.0,0.0,0.0,0.0,0.0,0.0,0.0,0.0,0.0,0.0,0.0,0.0,0.0,0.0,0.0,0.0,0.0,0.0,0.0,0.0,0.0,0.0,0.0,0.0,0.0,0.0,0.0,0.0,0.0,0.0
Alex Rodriguez,Yankees,124,444.0,535.0,127.0,79.0,17.0,1.0,30.0,78.0,100.0,80.0,7.0,97.0,15.0,18.1,0.82,0.303,8.0,3.0,0.0,13.0,14.0,2.0,-6.3,0.245,0.401,32.1,0.28600000000000003,0.402,0.532,0.933,4.0,141.0,3.64,0.0,0.0,0.0,0.0,0.0,0.0,0.0,0.0,0.0,0.0,0.0,0.0,0.0,0.0,0.0,0.0,0.0,0.0,0.0,0.0,0.0,0.0,0.0,0.0,0.0,0.0,0.0,0.0,0.0,0.0,0.0,0.0
Aaron Hill,Blue Jays,158,682.0,734.0,195.0,122.0,37.0,0.0,36.0,103.0,108.0,42.0,1.0,98.0,5.7,13.4,0.43,0.28800000000000003,5.0,4.0,1.0,17.0,6.0,2.0,-2.8,0.213,0.35700000000000004,17.1,0.28600000000000003,0.33,0.499,0.8290000000000001,4.0,114.0,2.2,0.0,0.0,0.0,0.0,0.0,0.0,0.0,0.0,0.0,0.0,0.0,0.0,0.0,0.0,0.0,0.0,0.0,0.0,0.0,0.0,0.0,0.0,0.0,0.0,0.0,0.0,0.0,0.0,0.0,0.0,0.0,0.0
Yunel Escobar,Braves,141,528.0,604.0,158.0,116.0,26.0,2.0,14.0,89.0,76.0,57.0,3.0,62.0,9.4,10.3,0.92,0.317,10.0,2.0,7.0,21.0,5.0,4.0,7.8,0.136,0.36,15.4,0.299,0.377,0.436,0.812,3.9,120.0,2.04,0.0,0.0,0.0,0.0,0.0,0.0,0.0,0.0,0.0,0.0,0.0,0.0,0.0,0.0,0.0,0.0,0.0,0.0,0.0,0.0,0.0,0.0,0.0,0.0,0.0,0.0,0.0,0.0,0.0,0.0,0.0,0.0
Victor Martinez,Red Sox,155,588.0,672.0,178.0,121.0,33.0,1.0,23.0,88.0,108.0,75.0,3.0,74.0,11.2,11.0,1.01,0.312,3.0,6.0,0.0,17.0,1.0,0.0,-4.4,0.177,0.375,25.8,0.303,0.381,0.48,0.861,3.8,126.0,3.2,0.0,0.0,0.0,0.0,0.0,0.0,0.0,0.0,0.0,0.0,0.0,0.0,0.0,0.0,0.0,0.0,0.0,0.0,0.0,0.0,0.0,0.0,0.0,0.0,0.0,0.0,0.0,0.0,0.0,0.0,0.0,0.0
Torii Hunter,Angels,119,451.0,506.0,135.0,86.0,26.0,1.0,22.0,74.0,90.0,47.0,4.0,92.0,9.3,18.2,0.51,0.33,3.0,5.0,0.0,9.0,18.0,4.0,-0.1,0.208,0.375,19.5,0.299,0.366,0.508,0.873,3.8,128.0,1.92,0.0,0.0,0.0,0.0,0.0,0.0,0.0,0.0,0.0,0.0,0.0,0.0,0.0,0.0,0.0,0.0,0.0,0.0,0.0,0.0,0.0,0.0,0.0,0.0,0.0,0.0,0.0,0.0,0.0,0.0,0.0,0.0
Ryan Sweeney,Athletics,134,484.0,534.0,142.0,102.0,31.0,3.0,6.0,68.0,53.0,40.0,1.0,67.0,7.5,12.5,0.6,0.327,3.0,5.0,2.0,14.0,6.0,5.0,18.1,0.114,0.333,2.0,0.293,0.348,0.407,0.755,3.8,102.0,-0.68,0.0,0.0,0.0,0.0,0.0,0.0,0.0,0.0,0.0,0.0,0.0,0.0,0.0,0.0,0.0,0.0,0.0,0.0,0.0,0.0,0.0,0.0,0.0,0.0,0.0,0.0,0.0,0.0,0.0,0.0,0.0,0.0
Brian McCann,Braves,138,488.0,551.0,137.0,80.0,35.0,1.0,21.0,63.0,94.0,49.0,3.0,83.0,8.9,15.1,0.59,0.297,5.0,6.0,3.0,17.0,4.0,1.0,11.7,0.205,0.359,14.0,0.281,0.349,0.486,0.8340000000000001,3.8,119.0,1.3,0.0,0.0,0.0,0.0,0.0,0.0,0.0,0.0,0.0,0.0,0.0,0.0,0.0,0.0,0.0,0.0,0.0,0.0,0.0,0.0,0.0,0.0,0.0,0.0,0.0,0.0,0.0,0.0,0.0,0.0,0.0,0.0
Erick Aybar,Angels,137,504.0,556.0,157.0,120.0,23.0,9.0,5.0,70.0,58.0,30.0,1.0,54.0,5.4,9.7,0.56,0.338,5.0,5.0,12.0,9.0,14.0,7.0,11.2,0.111,0.34,5.4,0.312,0.353,0.423,0.7759999999999999,3.7,105.0,-0.6,0.0,0.0,0.0,0.0,0.0,0.0,0.0,0.0,0.0,0.0,0.0,0.0,0.0,0.0,0.0,0.0,0.0,0.0,0.0,0.0,0.0,0.0,0.0,0.0,0.0,0.0,0.0,0.0,0.0,0.0,0.0,0.0
Kendrys Morales,Angels,152,566.0,622.0,173.0,94.0,43.0,2.0,34.0,86.0,108.0,46.0,10.0,117.0,7.4,18.8,0.39,0.329,2.0,8.0,0.0,15.0,3.0,7.0,-5.3,0.263,0.387,30.2,0.306,0.355,0.569,0.924,3.7,136.0,2.88,0.0,0.0,0.0,0.0,0.0,0.0,0.0,0.0,0.0,0.0,0.0,0.0,0.0,0.0,0.0,0.0,0.0,0.0,0.0,0.0,0.0,0.0,0.0,0.0,0.0,0.0,0.0,0.0,0.0,0.0,0.0,0.0
Felipe Lopez,Diamondbacks,151,604.0,680.0,187.0,137.0,38.0,3.0,9.0,88.0,57.0,71.0,4.0,100.0,10.4,14.7,0.71,0.358,2.0,2.0,1.0,5.0,6.0,6.0,2.8,0.118,0.359,16.9,0.31,0.383,0.4270000000000001,0.81,3.6,115.0,0.27,0.0,0.0,0.0,0.0,0.0,0.0,0.0,0.0,0.0,0.0,0.0,0.0,0.0,0.0,0.0,0.0,0.0,0.0,0.0,0.0,0.0,0.0,0.0,0.0,0.0,0.0,0.0,0.0,0.0,0.0,0.0,0.0
Robinson Cano,Yankees,161,637.0,674.0,204.0,129.0,48.0,2.0,25.0,103.0,85.0,30.0,2.0,63.0,4.5,9.3,0.48,0.324,3.0,4.0,0.0,22.0,5.0,7.0,-0.4,0.199,0.374,25.4,0.32,0.35200000000000004,0.52,0.871,3.6,124.0,-1.45,0.0,0.0,0.0,0.0,0.0,0.0,0.0,0.0,0.0,0.0,0.0,0.0,0.0,0.0,0.0,0.0,0.0,0.0,0.0,0.0,0.0,0.0,0.0,0.0,0.0,0.0,0.0,0.0,0.0,0.0,0.0,0.0
Johnny Damon,Yankees,143,550.0,626.0,155.0,92.0,36.0,3.0,24.0,107.0,82.0,71.0,1.0,98.0,11.3,15.7,0.72,0.305,2.0,1.0,2.0,9.0,12.0,0.0,-10.4,0.207,0.3720000000000001,22.5,0.282,0.365,0.489,0.8540000000000001,3.6,122.0,3.79,0.0,0.0,0.0,0.0,0.0,0.0,0.0,0.0,0.0,0.0,0.0,0.0,0.0,0.0,0.0,0.0,0.0,0.0,0.0,0.0,0.0,0.0,0.0,0.0,0.0,0.0,0.0,0.0,0.0,0.0,0.0,0.0
David DeJesus,Royals,144,558.0,627.0,157.0,107.0,28.0,9.0,13.0,74.0,71.0,51.0,0.0,87.0,8.1,13.9,0.59,0.311,8.0,5.0,5.0,10.0,4.0,9.0,10.2,0.152,0.343,7.5,0.281,0.34700000000000003,0.434,0.7809999999999999,3.6,105.0,0.13,0.0,0.0,0.0,0.0,0.0,0.0,0.0,0.0,0.0,0.0,0.0,0.0,0.0,0.0,0.0,0.0,0.0,0.0,0.0,0.0,0.0,0.0,0.0,0.0,0.0,0.0,0.0,0.0,0.0,0.0,0.0,0.0
Shane Victorino,Phillies,156,620.0,694.0,181.0,119.0,39.0,13.0,10.0,102.0,62.0,60.0,1.0,71.0,8.6,10.2,0.85,0.315,6.0,4.0,4.0,5.0,25.0,8.0,-3.9,0.153,0.35200000000000004,13.4,0.292,0.358,0.445,0.8029999999999999,3.4,112.0,2.4,0.0,0.0,0.0,0.0,0.0,0.0,0.0,0.0,0.0,0.0,0.0,0.0,0.0,0.0,0.0,0.0,0.0,0.0,0.0,0.0,0.0,0.0,0.0,0.0,0.0,0.0,0.0,0.0,0.0,0.0,0.0,0.0
Raul Ibanez,Phillies,134,500.0,565.0,136.0,67.0,32.0,3.0,34.0,93.0,93.0,56.0,8.0,119.0,9.9,21.1,0.47,0.29,4.0,5.0,0.0,16.0,4.0,0.0,-3.3,0.28,0.378,23.1,0.272,0.34700000000000003,0.552,0.899,3.4,130.0,3.64,0.0,0.0,0.0,0.0,0.0,0.0,0.0,0.0,0.0,0.0,0.0,0.0,0.0,0.0,0.0,0.0,0.0,0.0,0.0,0.0,0.0,0.0,0.0,0.0,0.0,0.0,0.0,0.0,0.0,0.0,0.0,0.0
Brian Roberts,Orioles,159,632.0,717.0,179.0,106.0,56.0,1.0,16.0,110.0,79.0,74.0,3.0,112.0,10.3,15.6,0.66,0.318,2.0,8.0,1.0,7.0,30.0,7.0,-0.6,0.168,0.35200000000000004,13.8,0.28300000000000003,0.35600000000000004,0.451,0.807,3.4,109.0,2.2,0.0,0.0,0.0,0.0,0.0,0.0,0.0,0.0,0.0,0.0,0.0,0.0,0.0,0.0,0.0,0.0,0.0,0.0,0.0,0.0,0.0,0.0,0.0,0.0,0.0,0.0,0.0,0.0,0.0,0.0,0.0,0.0
Mark Reynolds,Diamondbacks,155,578.0,662.0,150.0,75.0,30.0,1.0,44.0,98.0,102.0,76.0,3.0,223.0,11.5,33.7,0.34,0.338,5.0,3.0,0.0,8.0,24.0,9.0,-11.9,0.284,0.381,28.3,0.26,0.349,0.5429999999999999,0.892,3.3,127.0,2.9,0.0,0.0,0.0,0.0,0.0,0.0,0.0,0.0,0.0,0.0,0.0,0.0,0.0,0.0,0.0,0.0,0.0,0.0,0.0,0.0,0.0,0.0,0.0,0.0,0.0,0.0,0.0,0.0,0.0,0.0,0.0,0.0
Hunter Pence,Astros,159,585.0,647.0,165.0,109.0,26.0,5.0,25.0,76.0,72.0,58.0,1.0,109.0,9.0,16.8,0.53,0.308,1.0,3.0,0.0,25.0,14.0,11.0,5.2,0.19,0.35600000000000004,14.4,0.282,0.34600000000000003,0.472,0.818,3.3,117.0,0.58,0.0,0.0,0.0,0.0,0.0,0.0,0.0,0.0,0.0,0.0,0.0,0.0,0.0,0.0,0.0,0.0,0.0,0.0,0.0,0.0,0.0,0.0,0.0,0.0,0.0,0.0,0.0,0.0,0.0,0.0,0.0,0.0
Yadier Molina,Cardinals,140,481.0,544.0,141.0,111.0,23.0,1.0,6.0,45.0,54.0,50.0,2.0,39.0,9.2,7.2,1.28,0.309,6.0,1.0,6.0,27.0,9.0,3.0,19.2,0.08900000000000001,0.336,3.5,0.293,0.366,0.383,0.7490000000000001,3.3,106.0,-0.42,0.0,0.0,0.0,0.0,0.0,0.0,0.0,0.0,0.0,0.0,0.0,0.0,0.0,0.0,0.0,0.0,0.0,0.0,0.0,0.0,0.0,0.0,0.0,0.0,0.0,0.0,0.0,0.0,0.0,0.0,0.0,0.0
Adam Lind,Blue Jays,151,587.0,654.0,179.0,98.0,46.0,0.0,35.0,93.0,114.0,58.0,7.0,110.0,8.9,16.8,0.53,0.32299999999999995,5.0,4.0,0.0,15.0,1.0,1.0,-22.4,0.257,0.396,36.3,0.305,0.37,0.562,0.932,3.3,140.0,2.75,0.0,0.0,0.0,0.0,0.0,0.0,0.0,0.0,0.0,0.0,0.0,0.0,0.0,0.0,0.0,0.0,0.0,0.0,0.0,0.0,0.0,0.0,0.0,0.0,0.0,0.0,0.0,0.0,0.0,0.0,0.0,0.0
David Wright,Mets,144,535.0,618.0,164.0,112.0,39.0,3.0,10.0,88.0,72.0,74.0,8.0,140.0,12.0,22.7,0.53,0.394,3.0,6.0,0.0,16.0,27.0,9.0,-7.5,0.14,0.366,19.0,0.307,0.39,0.447,0.8370000000000001,3.3,125.0,3.46,0.0,0.0,0.0,0.0,0.0,0.0,0.0,0.0,0.0,0.0,0.0,0.0,0.0,0.0,0.0,0.0,0.0,0.0,0.0,0.0,0.0,0.0,0.0,0.0,0.0,0.0,0.0,0.0,0.0,0.0,0.0,0.0
Justin Morneau,Twins,135,508.0,590.0,139.0,77.0,31.0,1.0,30.0,85.0,100.0,72.0,12.0,86.0,12.2,14.6,0.84,0.273,3.0,7.0,0.0,12.0,0.0,0.0,-7.0,0.242,0.3720000000000001,20.9,0.274,0.363,0.516,0.878,3.3,126.0,1.12,0.0,0.0,0.0,0.0,0.0,0.0,0.0,0.0,0.0,0.0,0.0,0.0,0.0,0.0,0.0,0.0,0.0,0.0,0.0,0.0,0.0,0.0,0.0,0.0,0.0,0.0,0.0,0.0,0.0,0.0,0.0,0.0
Elvis Andrus,Rangers,145,480.0,541.0,128.0,97.0,17.0,8.0,6.0,72.0,40.0,40.0,0.0,77.0,7.4,14.2,0.52,0.305,6.0,3.0,12.0,4.0,33.0,6.0,18.3,0.106,0.313,-6.9,0.267,0.329,0.373,0.7020000000000001,3.2,81.0,-0.81,0.0,0.0,0.0,0.0,0.0,0.0,0.0,0.0,0.0,0.0,0.0,0.0,0.0,0.0,0.0,0.0,0.0,0.0,0.0,0.0,0.0,0.0,0.0,0.0,0.0,0.0,0.0,0.0,0.0,0.0,0.0,0.0
Nate McLouth,Braves,129,507.0,591.0,130.0,81.0,27.0,2.0,20.0,86.0,70.0,68.0,1.0,99.0,11.5,16.8,0.69,0.281,9.0,4.0,3.0,8.0,19.0,6.0,2.8,0.179,0.348,9.3,0.256,0.35200000000000004,0.436,0.7879999999999999,3.2,112.0,0.37,0.0,0.0,0.0,0.0,0.0,0.0,0.0,0.0,0.0,0.0,0.0,0.0,0.0,0.0,0.0,0.0,0.0,0.0,0.0,0.0,0.0,0.0,0.0,0.0,0.0,0.0,0.0,0.0,0.0,0.0,0.0,0.0
Kurt Suzuki,Athletics,147,570.0,614.0,156.0,103.0,37.0,1.0,15.0,74.0,88.0,28.0,0.0,59.0,4.6,9.6,0.47,0.28,8.0,7.0,1.0,14.0,8.0,2.0,11.3,0.147,0.32,-4.3,0.274,0.313,0.421,0.7340000000000001,3.1,94.0,-0.99,0.0,0.0,0.0,0.0,0.0,0.0,0.0,0.0,0.0,0.0,0.0,0.0,0.0,0.0,0.0,0.0,0.0,0.0,0.0,0.0,0.0,0.0,0.0,0.0,0.0,0.0,0.0,0.0,0.0,0.0,0.0,0.0
Rafael Furcal,Dodgers,150,613.0,680.0,165.0,123.0,28.0,5.0,9.0,92.0,47.0,61.0,2.0,89.0,9.0,13.1,0.69,0.302,1.0,2.0,3.0,11.0,12.0,6.0,12.2,0.106,0.317,-6.7,0.269,0.335,0.375,0.711,3.0,93.0,0.17,0.0,0.0,0.0,0.0,0.0,0.0,0.0,0.0,0.0,0.0,0.0,0.0,0.0,0.0,0.0,0.0,0.0,0.0,0.0,0.0,0.0,0.0,0.0,0.0,0.0,0.0,0.0,0.0,0.0,0.0,0.0,0.0
Nelson Cruz,Rangers,128,462.0,515.0,120.0,65.0,21.0,1.0,33.0,75.0,76.0,49.0,6.0,118.0,9.5,22.9,0.42,0.278,2.0,2.0,0.0,9.0,20.0,4.0,2.6,0.264,0.363,14.6,0.26,0.332,0.524,0.856,3.0,114.0,0.63,0.0,0.0,0.0,0.0,0.0,0.0,0.0,0.0,0.0,0.0,0.0,0.0,0.0,0.0,0.0,0.0,0.0,0.0,0.0,0.0,0.0,0.0,0.0,0.0,0.0,0.0,0.0,0.0,0.0,0.0,0.0,0.0
Curtis Granderson,Tigers,160,631.0,710.0,157.0,96.0,23.0,8.0,30.0,91.0,71.0,72.0,4.0,141.0,10.1,19.9,0.51,0.275,2.0,2.0,3.0,1.0,20.0,6.0,1.0,0.204,0.338,5.6,0.249,0.327,0.453,0.78,2.9,101.0,0.28,0.0,0.0,0.0,0.0,0.0,0.0,0.0,0.0,0.0,0.0,0.0,0.0,0.0,0.0,0.0,0.0,0.0,0.0,0.0,0.0,0.0,0.0,0.0,0.0,0.0,0.0,0.0,0.0,0.0,0.0,0.0,0.0
Asdrubal Cabrera,Indians,131,523.0,581.0,161.0,109.0,42.0,4.0,6.0,81.0,68.0,44.0,1.0,89.0,7.6,15.3,0.49,0.36,1.0,3.0,10.0,13.0,17.0,4.0,-2.5,0.13,0.35100000000000003,10.6,0.308,0.361,0.438,0.799,2.9,112.0,2.08,0.0,0.0,0.0,0.0,0.0,0.0,0.0,0.0,0.0,0.0,0.0,0.0,0.0,0.0,0.0,0.0,0.0,0.0,0.0,0.0,0.0,0.0,0.0,0.0,0.0,0.0,0.0,0.0,0.0,0.0,0.0,0.0
Nick Swisher,Yankees,150,498.0,607.0,124.0,59.0,35.0,1.0,29.0,84.0,82.0,97.0,2.0,126.0,16.0,20.8,0.77,0.272,3.0,6.0,3.0,13.0,0.0,0.0,-8.9,0.249,0.376,23.8,0.249,0.371,0.498,0.8690000000000001,2.9,125.0,1.71,0.0,0.0,0.0,0.0,0.0,0.0,0.0,0.0,0.0,0.0,0.0,0.0,0.0,0.0,0.0,0.0,0.0,0.0,0.0,0.0,0.0,0.0,0.0,0.0,0.0,0.0,0.0,0.0,0.0,0.0,0.0,0.0
Orlando Hudson,Dodgers,149,551.0,631.0,156.0,106.0,35.0,6.0,9.0,74.0,62.0,62.0,4.0,99.0,9.8,15.7,0.63,0.328,4.0,5.0,9.0,16.0,8.0,1.0,-0.7,0.134,0.341,6.3,0.28300000000000003,0.35700000000000004,0.417,0.774,2.8,109.0,0.12,0.0,0.0,0.0,0.0,0.0,0.0,0.0,0.0,0.0,0.0,0.0,0.0,0.0,0.0,0.0,0.0,0.0,0.0,0.0,0.0,0.0,0.0,0.0,0.0,0.0,0.0,0.0,0.0,0.0,0.0,0.0,0.0
Placido Polanco,Tigers,153,618.0,676.0,176.0,131.0,31.0,4.0,10.0,82.0,72.0,36.0,2.0,46.0,5.3,6.8,0.78,0.293,9.0,5.0,7.0,15.0,7.0,2.0,14.0,0.112,0.321,-4.6,0.285,0.331,0.396,0.727,2.8,89.0,1.01,0.0,0.0,0.0,0.0,0.0,0.0,0.0,0.0,0.0,0.0,0.0,0.0,0.0,0.0,0.0,0.0,0.0,0.0,0.0,0.0,0.0,0.0,0.0,0.0,0.0,0.0,0.0,0.0,0.0,0.0,0.0,0.0
Carlos Pena,Rays,135,471.0,570.0,107.0,41.0,25.0,2.0,39.0,91.0,100.0,87.0,11.0,163.0,15.3,28.6,0.53,0.25,9.0,3.0,0.0,5.0,3.0,3.0,-16.9,0.31,0.377,22.6,0.227,0.35600000000000004,0.537,0.893,2.8,132.0,2.25,0.0,0.0,0.0,0.0,0.0,0.0,0.0,0.0,0.0,0.0,0.0,0.0,0.0,0.0,0.0,0.0,0.0,0.0,0.0,0.0,0.0,0.0,0.0,0.0,0.0,0.0,0.0,0.0,0.0,0.0,0.0,0.0
Brandon Phillips,Reds,153,584.0,644.0,161.0,106.0,30.0,5.0,20.0,78.0,98.0,44.0,3.0,75.0,6.8,11.6,0.59,0.284,6.0,8.0,2.0,21.0,25.0,9.0,6.2,0.171,0.336,3.6,0.276,0.329,0.447,0.7759999999999999,2.7,100.0,-0.27,0.0,0.0,0.0,0.0,0.0,0.0,0.0,0.0,0.0,0.0,0.0,0.0,0.0,0.0,0.0,0.0,0.0,0.0,0.0,0.0,0.0,0.0,0.0,0.0,0.0,0.0,0.0,0.0,0.0,0.0,0.0,0.0
Chris Coghlan,Marlins,128,504.0,565.0,162.0,116.0,31.0,6.0,9.0,84.0,47.0,53.0,2.0,77.0,9.4,13.6,0.69,0.365,4.0,1.0,3.0,3.0,8.0,5.0,-12.2,0.139,0.374,21.2,0.321,0.39,0.46,0.85,2.7,127.0,1.45,0.0,0.0,0.0,0.0,0.0,0.0,0.0,0.0,0.0,0.0,0.0,0.0,0.0,0.0,0.0,0.0,0.0,0.0,0.0,0.0,0.0,0.0,0.0,0.0,0.0,0.0,0.0,0.0,0.0,0.0,0.0,0.0
Colby Rasmus,Cardinals,147,474.0,520.0,119.0,79.0,22.0,2.0,16.0,72.0,52.0,36.0,3.0,95.0,6.9,18.3,0.38,0.282,3.0,2.0,5.0,5.0,3.0,1.0,11.5,0.156,0.311,-7.4,0.251,0.307,0.407,0.7140000000000001,2.7,89.0,0.09,0.0,0.0,0.0,0.0,0.0,0.0,0.0,0.0,0.0,0.0,0.0,0.0,0.0,0.0,0.0,0.0,0.0,0.0,0.0,0.0,0.0,0.0,0.0,0.0,0.0,0.0,0.0,0.0,0.0,0.0,0.0,0.0
Russell Branyan,Mariners,116,431.0,505.0,108.0,55.0,21.0,1.0,31.0,64.0,76.0,58.0,6.0,149.0,11.5,29.5,0.39,0.3,9.0,6.0,1.0,6.0,2.0,0.0,-7.2,0.269,0.368,16.5,0.251,0.34700000000000003,0.52,0.867,2.7,126.0,0.93,0.0,0.0,0.0,0.0,0.0,0.0,0.0,0.0,0.0,0.0,0.0,0.0,0.0,0.0,0.0,0.0,0.0,0.0,0.0,0.0,0.0,0.0,0.0,0.0,0.0,0.0,0.0,0.0,0.0,0.0,0.0,0.0
Lance Berkman,Astros,136,460.0,563.0,126.0,69.0,31.0,1.0,25.0,73.0,80.0,97.0,14.0,98.0,17.2,17.4,0.99,0.29600000000000004,1.0,4.0,0.0,13.0,7.0,4.0,-13.8,0.235,0.387,27.3,0.274,0.399,0.509,0.907,2.7,138.0,2.03,0.0,0.0,0.0,0.0,0.0,0.0,0.0,0.0,0.0,0.0,0.0,0.0,0.0,0.0,0.0,0.0,0.0,0.0,0.0,0.0,0.0,0.0,0.0,0.0,0.0,0.0,0.0,0.0,0.0,0.0,0.0,0.0
Todd Helton,Rockies,151,544.0,645.0,177.0,121.0,38.0,3.0,15.0,79.0,86.0,89.0,5.0,73.0,13.8,11.3,1.22,0.348,2.0,10.0,0.0,15.0,0.0,1.0,-10.0,0.16399999999999998,0.394,34.7,0.325,0.416,0.489,0.904,2.7,131.0,2.27,0.0,0.0,0.0,0.0,0.0,0.0,0.0,0.0,0.0,0.0,0.0,0.0,0.0,0.0,0.0,0.0,0.0,0.0,0.0,0.0,0.0,0.0,0.0,0.0,0.0,0.0,0.0,0.0,0.0,0.0,0.0,0.0
Bobby Abreu,Angels,152,563.0,667.0,165.0,118.0,29.0,3.0,15.0,96.0,103.0,94.0,7.0,113.0,14.1,16.9,0.83,0.338,1.0,9.0,0.0,15.0,30.0,8.0,-15.8,0.142,0.363,18.8,0.293,0.39,0.435,0.825,2.7,120.0,2.98,0.0,0.0,0.0,0.0,0.0,0.0,0.0,0.0,0.0,0.0,0.0,0.0,0.0,0.0,0.0,0.0,0.0,0.0,0.0,0.0,0.0,0.0,0.0,0.0,0.0,0.0,0.0,0.0,0.0,0.0,0.0,0.0
Dan Uggla,Marlins,158,564.0,668.0,137.0,78.0,27.0,1.0,31.0,84.0,90.0,92.0,4.0,150.0,13.8,22.5,0.61,0.274,7.0,4.0,1.0,10.0,2.0,1.0,-7.6,0.21600000000000005,0.355,14.6,0.243,0.354,0.459,0.813,2.6,114.0,0.35,0.0,0.0,0.0,0.0,0.0,0.0,0.0,0.0,0.0,0.0,0.0,0.0,0.0,0.0,0.0,0.0,0.0,0.0,0.0,0.0,0.0,0.0,0.0,0.0,0.0,0.0,0.0,0.0,0.0,0.0,0.0,0.0
Michael Young,Rangers,135,541.0,593.0,174.0,114.0,36.0,2.0,22.0,76.0,68.0,47.0,2.0,90.0,7.9,15.2,0.52,0.35100000000000003,1.0,4.0,0.0,16.0,8.0,3.0,-6.5,0.196,0.385,27.6,0.322,0.374,0.518,0.892,2.6,128.0,1.48,0.0,0.0,0.0,0.0,0.0,0.0,0.0,0.0,0.0,0.0,0.0,0.0,0.0,0.0,0.0,0.0,0.0,0.0,0.0,0.0,0.0,0.0,0.0,0.0,0.0,0.0,0.0,0.0,0.0,0.0,0.0,0.0
Jimmy Rollins,Phillies,155,672.0,725.0,168.0,99.0,43.0,5.0,21.0,100.0,77.0,44.0,1.0,70.0,6.1,9.7,0.63,0.251,2.0,5.0,2.0,7.0,31.0,8.0,11.5,0.173,0.312,-10.2,0.25,0.29600000000000004,0.423,0.7190000000000001,2.6,85.0,-0.8,0.0,0.0,0.0,0.0,0.0,0.0,0.0,0.0,0.0,0.0,0.0,0.0,0.0,0.0,0.0,0.0,0.0,0.0,0.0,0.0,0.0,0.0,0.0,0.0,0.0,0.0,0.0,0.0,0.0,0.0,0.0,0.0
Martin Prado,Braves,128,450.0,503.0,138.0,89.0,38.0,0.0,11.0,64.0,49.0,36.0,1.0,59.0,7.2,11.7,0.61,0.331,2.0,4.0,11.0,17.0,1.0,3.0,1.4,0.158,0.358,12.3,0.307,0.358,0.464,0.8220000000000001,2.6,119.0,0.77,0.0,0.0,0.0,0.0,0.0,0.0,0.0,0.0,0.0,0.0,0.0,0.0,0.0,0.0,0.0,0.0,0.0,0.0,0.0,0.0,0.0,0.0,0.0,0.0,0.0,0.0,0.0,0.0,0.0,0.0,0.0,0.0
Juan Rivera,Angels,138,529.0,572.0,152.0,102.0,24.0,1.0,25.0,72.0,88.0,36.0,1.0,57.0,6.3,10.0,0.63,0.281,2.0,5.0,0.0,19.0,0.0,1.0,4.5,0.191,0.35,10.1,0.287,0.332,0.478,0.81,2.5,111.0,0.84,0.0,0.0,0.0,0.0,0.0,0.0,0.0,0.0,0.0,0.0,0.0,0.0,0.0,0.0,0.0,0.0,0.0,0.0,0.0,0.0,0.0,0.0,0.0,0.0,0.0,0.0,0.0,0.0,0.0,0.0,0.0,0.0
Aaron Rowand,Giants,144,499.0,546.0,130.0,83.0,30.0,2.0,15.0,61.0,64.0,30.0,2.0,125.0,5.5,22.9,0.24,0.318,14.0,3.0,0.0,12.0,4.0,1.0,9.5,0.158,0.32299999999999995,-2.6,0.261,0.319,0.419,0.738,2.4,95.0,-0.14,0.0,0.0,0.0,0.0,0.0,0.0,0.0,0.0,0.0,0.0,0.0,0.0,0.0,0.0,0.0,0.0,0.0,0.0,0.0,0.0,0.0,0.0,0.0,0.0,0.0,0.0,0.0,0.0,0.0,0.0,0.0,0.0
Kosuke Fukudome,Cubs,146,499.0,603.0,129.0,75.0,38.0,5.0,11.0,79.0,54.0,93.0,3.0,112.0,15.4,18.6,0.83,0.31,3.0,5.0,3.0,15.0,6.0,10.0,0.0,0.162,0.353,12.3,0.259,0.375,0.421,0.7959999999999999,2.4,110.0,0.8,0.0,0.0,0.0,0.0,0.0,0.0,0.0,0.0,0.0,0.0,0.0,0.0,0.0,0.0,0.0,0.0,0.0,0.0,0.0,0.0,0.0,0.0,0.0,0.0,0.0,0.0,0.0,0.0,0.0,0.0,0.0,0.0
Michael Cuddyer,Twins,153,588.0,650.0,162.0,89.0,34.0,7.0,32.0,93.0,94.0,54.0,3.0,118.0,8.3,18.2,0.46,0.295,6.0,2.0,0.0,22.0,6.0,1.0,-18.9,0.245,0.369,21.6,0.276,0.342,0.52,0.862,2.4,124.0,0.78,0.0,0.0,0.0,0.0,0.0,0.0,0.0,0.0,0.0,0.0,0.0,0.0,0.0,0.0,0.0,0.0,0.0,0.0,0.0,0.0,0.0,0.0,0.0,0.0,0.0,0.0,0.0,0.0,0.0,0.0,0.0,0.0
Chipper Jones,Braves,143,488.0,596.0,129.0,86.0,23.0,2.0,18.0,80.0,71.0,101.0,18.0,89.0,16.9,14.9,1.13,0.287,1.0,6.0,0.0,14.0,4.0,1.0,-4.9,0.166,0.355,12.7,0.264,0.388,0.43,0.818,2.4,116.0,2.18,0.0,0.0,0.0,0.0,0.0,0.0,0.0,0.0,0.0,0.0,0.0,0.0,0.0,0.0,0.0,0.0,0.0,0.0,0.0,0.0,0.0,0.0,0.0,0.0,0.0,0.0,0.0,0.0,0.0,0.0,0.0,0.0
Hideki Matsui,Yankees,142,456.0,528.0,125.0,75.0,21.0,1.0,28.0,62.0,90.0,64.0,1.0,75.0,12.1,14.2,0.85,0.273,4.0,2.0,0.0,4.0,0.0,1.0,-12.7,0.235,0.38,22.2,0.274,0.3670000000000001,0.509,0.8759999999999999,2.4,127.0,1.45,0.0,0.0,0.0,0.0,0.0,0.0,0.0,0.0,0.0,0.0,0.0,0.0,0.0,0.0,0.0,0.0,0.0,0.0,0.0,0.0,0.0,0.0,0.0,0.0,0.0,0.0,0.0,0.0,0.0,0.0,0.0,0.0
Ryan Ludwick,Cardinals,139,486.0,542.0,129.0,86.0,20.0,1.0,22.0,63.0,97.0,41.0,3.0,106.0,7.6,19.6,0.39,0.29600000000000004,7.0,4.0,1.0,6.0,4.0,2.0,-3.6,0.181,0.337,3.7,0.265,0.329,0.447,0.775,2.3,106.0,0.91,0.0,0.0,0.0,0.0,0.0,0.0,0.0,0.0,0.0,0.0,0.0,0.0,0.0,0.0,0.0,0.0,0.0,0.0,0.0,0.0,0.0,0.0,0.0,0.0,0.0,0.0,0.0,0.0,0.0,0.0,0.0,0.0
Melvin Upton Jr.,Rays,144,560.0,626.0,135.0,87.0,33.0,4.0,11.0,79.0,55.0,57.0,0.0,152.0,9.1,24.3,0.38,0.31,3.0,3.0,3.0,7.0,42.0,14.0,8.8,0.132,0.306,-11.9,0.241,0.313,0.373,0.6859999999999999,2.3,85.0,0.01,0.0,0.0,0.0,0.0,0.0,0.0,0.0,0.0,0.0,0.0,0.0,0.0,0.0,0.0,0.0,0.0,0.0,0.0,0.0,0.0,0.0,0.0,0.0,0.0,0.0,0.0,0.0,0.0,0.0,0.0,0.0,0.0
Jason Kubel,Twins,146,514.0,578.0,154.0,89.0,35.0,2.0,28.0,73.0,103.0,56.0,9.0,106.0,9.7,18.3,0.53,0.327,3.0,5.0,0.0,13.0,1.0,1.0,-16.8,0.239,0.385,26.8,0.3,0.369,0.539,0.907,2.3,135.0,2.49,0.0,0.0,0.0,0.0,0.0,0.0,0.0,0.0,0.0,0.0,0.0,0.0,0.0,0.0,0.0,0.0,0.0,0.0,0.0,0.0,0.0,0.0,0.0,0.0,0.0,0.0,0.0,0.0,0.0,0.0,0.0,0.0
Andre Ethier,Dodgers,160,596.0,685.0,162.0,86.0,42.0,3.0,31.0,92.0,106.0,72.0,10.0,116.0,10.5,16.9,0.62,0.289,13.0,4.0,0.0,19.0,6.0,4.0,-20.6,0.237,0.371,24.2,0.272,0.361,0.508,0.8690000000000001,2.3,129.0,4.79,0.0,0.0,0.0,0.0,0.0,0.0,0.0,0.0,0.0,0.0,0.0,0.0,0.0,0.0,0.0,0.0,0.0,0.0,0.0,0.0,0.0,0.0,0.0,0.0,0.0,0.0,0.0,0.0,0.0,0.0,0.0,0.0
Ryan Theriot,Cubs,154,602.0,677.0,171.0,139.0,20.0,5.0,7.0,81.0,54.0,51.0,1.0,93.0,7.5,13.7,0.55,0.32299999999999995,6.0,5.0,13.0,13.0,21.0,10.0,10.3,0.085,0.319,-5.5,0.284,0.343,0.369,0.7120000000000001,2.2,87.0,-1.8,0.0,0.0,0.0,0.0,0.0,0.0,0.0,0.0,0.0,0.0,0.0,0.0,0.0,0.0,0.0,0.0,0.0,0.0,0.0,0.0,0.0,0.0,0.0,0.0,0.0,0.0,0.0,0.0,0.0,0.0,0.0,0.0
Andy LaRoche,Pirates,150,524.0,590.0,135.0,89.0,29.0,5.0,12.0,64.0,64.0,50.0,1.0,84.0,8.5,14.2,0.6,0.28600000000000003,8.0,2.0,6.0,16.0,3.0,1.0,8.3,0.14300000000000002,0.324,-2.3,0.258,0.33,0.401,0.731,2.2,96.0,-0.39,0.0,0.0,0.0,0.0,0.0,0.0,0.0,0.0,0.0,0.0,0.0,0.0,0.0,0.0,0.0,0.0,0.0,0.0,0.0,0.0,0.0,0.0,0.0,0.0,0.0,0.0,0.0,0.0,0.0,0.0,0.0,0.0
Adam LaRoche,Braves,150,555.0,629.0,154.0,89.0,38.0,2.0,25.0,78.0,83.0,69.0,12.0,142.0,11.0,22.6,0.49,0.328,0.0,5.0,0.0,11.0,2.0,2.0,-12.5,0.211,0.359,15.8,0.277,0.355,0.488,0.843,2.1,119.0,0.33,0.0,0.0,0.0,0.0,0.0,0.0,0.0,0.0,0.0,0.0,0.0,0.0,0.0,0.0,0.0,0.0,0.0,0.0,0.0,0.0,0.0,0.0,0.0,0.0,0.0,0.0,0.0,0.0,0.0,0.0,0.0,0.0
Kevin Kouzmanoff,Padres,141,529.0,573.0,135.0,85.0,31.0,1.0,18.0,50.0,88.0,27.0,3.0,106.0,4.7,18.5,0.25,0.285,11.0,6.0,0.0,25.0,1.0,0.0,9.9,0.16399999999999998,0.313,-7.7,0.255,0.302,0.42,0.722,2.1,95.0,-0.02,0.0,0.0,0.0,0.0,0.0,0.0,0.0,0.0,0.0,0.0,0.0,0.0,0.0,0.0,0.0,0.0,0.0,0.0,0.0,0.0,0.0,0.0,0.0,0.0,0.0,0.0,0.0,0.0,0.0,0.0,0.0,0.0
Stephen Drew,Diamondbacks,135,533.0,595.0,139.0,86.0,29.0,12.0,12.0,71.0,65.0,49.0,7.0,87.0,8.2,14.6,0.56,0.28800000000000003,1.0,7.0,5.0,5.0,5.0,1.0,8.3,0.16699999999999998,0.321,-3.8,0.261,0.32,0.428,0.748,2.1,87.0,0.48,0.0,0.0,0.0,0.0,0.0,0.0,0.0,0.0,0.0,0.0,0.0,0.0,0.0,0.0,0.0,0.0,0.0,0.0,0.0,0.0,0.0,0.0,0.0,0.0,0.0,0.0,0.0,0.0,0.0,0.0,0.0,0.0
Nick Markakis,Orioles,161,642.0,711.0,188.0,123.0,45.0,2.0,18.0,94.0,101.0,56.0,0.0,98.0,7.9,13.8,0.57,0.317,3.0,10.0,0.0,12.0,6.0,2.0,-13.2,0.16,0.349,11.9,0.293,0.34700000000000003,0.453,0.8009999999999999,2.1,107.0,-0.08,0.0,0.0,0.0,0.0,0.0,0.0,0.0,0.0,0.0,0.0,0.0,0.0,0.0,0.0,0.0,0.0,0.0,0.0,0.0,0.0,0.0,0.0,0.0,0.0,0.0,0.0,0.0,0.0,0.0,0.0,0.0,0.0
Grady Sizemore,Indians,106,436.0,503.0,108.0,64.0,20.0,6.0,18.0,73.0,64.0,60.0,1.0,92.0,11.9,18.3,0.65,0.275,4.0,1.0,2.0,4.0,13.0,8.0,-4.8,0.197,0.34600000000000003,7.2,0.248,0.343,0.445,0.7879999999999999,2.1,109.0,-0.44,0.0,0.0,0.0,0.0,0.0,0.0,0.0,0.0,0.0,0.0,0.0,0.0,0.0,0.0,0.0,0.0,0.0,0.0,0.0,0.0,0.0,0.0,0.0,0.0,0.0,0.0,0.0,0.0,0.0,0.0,0.0,0.0
Alexei Ramirez,White Sox,148,542.0,606.0,150.0,120.0,14.0,1.0,15.0,71.0,68.0,49.0,3.0,66.0,8.1,10.9,0.74,0.28800000000000003,1.0,8.0,6.0,15.0,14.0,5.0,10.2,0.113,0.319,-5.1,0.277,0.333,0.389,0.723,2.0,86.0,-0.35,0.0,0.0,0.0,0.0,0.0,0.0,0.0,0.0,0.0,0.0,0.0,0.0,0.0,0.0,0.0,0.0,0.0,0.0,0.0,0.0,0.0,0.0,0.0,0.0,0.0,0.0,0.0,0.0,0.0,0.0,0.0,0.0
Jacoby Ellsbury,Red Sox,153,624.0,693.0,188.0,143.0,27.0,10.0,8.0,94.0,60.0,49.0,3.0,74.0,7.1,10.7,0.66,0.328,6.0,6.0,6.0,13.0,70.0,12.0,-7.5,0.114,0.339,5.7,0.301,0.355,0.415,0.77,2.0,98.0,-0.49,0.0,0.0,0.0,0.0,0.0,0.0,0.0,0.0,0.0,0.0,0.0,0.0,0.0,0.0,0.0,0.0,0.0,0.0,0.0,0.0,0.0,0.0,0.0,0.0,0.0,0.0,0.0,0.0,0.0,0.0,0.0,0.0
Brandon Inge,Tigers,161,562.0,637.0,129.0,85.0,16.0,1.0,27.0,71.0,84.0,54.0,1.0,170.0,8.5,26.7,0.32,0.277,17.0,3.0,1.0,12.0,2.0,5.0,8.7,0.17600000000000002,0.319,-5.2,0.23,0.314,0.406,0.72,2.0,88.0,0.78,0.0,0.0,0.0,0.0,0.0,0.0,0.0,0.0,0.0,0.0,0.0,0.0,0.0,0.0,0.0,0.0,0.0,0.0,0.0,0.0,0.0,0.0,0.0,0.0,0.0,0.0,0.0,0.0,0.0,0.0,0.0,0.0
Scott Podsednik,White Sox,132,537.0,587.0,163.0,125.0,25.0,6.0,7.0,75.0,48.0,39.0,1.0,74.0,6.6,12.6,0.53,0.341,3.0,2.0,6.0,8.0,30.0,13.0,-4.0,0.108,0.338,4.5,0.304,0.353,0.412,0.764,1.9,99.0,-0.19,0.0,0.0,0.0,0.0,0.0,0.0,0.0,0.0,0.0,0.0,0.0,0.0,0.0,0.0,0.0,0.0,0.0,0.0,0.0,0.0,0.0,0.0,0.0,0.0,0.0,0.0,0.0,0.0,0.0,0.0,0.0,0.0
Alberto Callaspo,Royals,155,576.0,634.0,173.0,113.0,41.0,8.0,11.0,79.0,73.0,52.0,4.0,51.0,8.2,8.0,1.02,0.312,1.0,5.0,0.0,15.0,2.0,1.0,-8.9,0.156,0.353,12.7,0.3,0.35600000000000004,0.457,0.813,1.9,111.0,0.47,0.0,0.0,0.0,0.0,0.0,0.0,0.0,0.0,0.0,0.0,0.0,0.0,0.0,0.0,0.0,0.0,0.0,0.0,0.0,0.0,0.0,0.0,0.0,0.0,0.0,0.0,0.0,0.0,0.0,0.0,0.0,0.0
Miguel Tejada,Astros,158,635.0,674.0,199.0,138.0,46.0,1.0,14.0,83.0,86.0,19.0,2.0,48.0,2.8,7.1,0.4,0.318,11.0,8.0,0.0,29.0,5.0,2.0,-5.5,0.142,0.345,9.0,0.313,0.34,0.455,0.795,1.9,110.0,3.01,0.0,0.0,0.0,0.0,0.0,0.0,0.0,0.0,0.0,0.0,0.0,0.0,0.0,0.0,0.0,0.0,0.0,0.0,0.0,0.0,0.0,0.0,0.0,0.0,0.0,0.0,0.0,0.0,0.0,0.0,0.0,0.0
Randy Winn,Giants,149,538.0,597.0,141.0,101.0,33.0,5.0,2.0,65.0,51.0,47.0,2.0,93.0,7.9,15.6,0.51,0.308,1.0,8.0,3.0,6.0,16.0,2.0,9.2,0.091,0.298,-15.1,0.262,0.318,0.353,0.6709999999999999,1.8,79.0,0.93,0.0,0.0,0.0,0.0,0.0,0.0,0.0,0.0,0.0,0.0,0.0,0.0,0.0,0.0,0.0,0.0,0.0,0.0,0.0,0.0,0.0,0.0,0.0,0.0,0.0,0.0,0.0,0.0,0.0,0.0,0.0,0.0
A.J. Pierzynski,White Sox,138,504.0,535.0,151.0,115.0,22.0,1.0,13.0,57.0,49.0,24.0,6.0,52.0,4.5,9.7,0.46,0.312,1.0,3.0,3.0,18.0,1.0,1.0,8.6,0.125,0.327,-0.8,0.3,0.331,0.425,0.755,1.8,92.0,-0.02,0.0,0.0,0.0,0.0,0.0,0.0,0.0,0.0,0.0,0.0,0.0,0.0,0.0,0.0,0.0,0.0,0.0,0.0,0.0,0.0,0.0,0.0,0.0,0.0,0.0,0.0,0.0,0.0,0.0,0.0,0.0,0.0
Mark DeRosa,Cardinals,139,515.0,576.0,129.0,82.0,23.0,1.0,23.0,78.0,78.0,47.0,1.0,121.0,8.2,21.0,0.39,0.282,7.0,5.0,2.0,11.0,3.0,2.0,-1.8,0.183,0.328,-0.2,0.25,0.319,0.433,0.752,1.8,98.0,1.51,0.0,0.0,0.0,0.0,0.0,0.0,0.0,0.0,0.0,0.0,0.0,0.0,0.0,0.0,0.0,0.0,0.0,0.0,0.0,0.0,0.0,0.0,0.0,0.0,0.0,0.0,0.0,0.0,0.0,0.0,0.0,0.0
Paul Konerko,White Sox,152,546.0,621.0,151.0,92.0,30.0,1.0,28.0,75.0,88.0,58.0,4.0,89.0,9.3,14.3,0.65,0.282,10.0,7.0,0.0,15.0,1.0,0.0,-9.3,0.212,0.363,17.5,0.277,0.353,0.489,0.8420000000000001,1.8,115.0,0.97,0.0,0.0,0.0,0.0,0.0,0.0,0.0,0.0,0.0,0.0,0.0,0.0,0.0,0.0,0.0,0.0,0.0,0.0,0.0,0.0,0.0,0.0,0.0,0.0,0.0,0.0,0.0,0.0,0.0,0.0,0.0,0.0
Jose Lopez,Mariners,153,613.0,653.0,167.0,100.0,42.0,0.0,25.0,69.0,96.0,24.0,5.0,69.0,3.7,10.6,0.35,0.27,6.0,7.0,3.0,25.0,3.0,3.0,3.1,0.191,0.327,-1.0,0.272,0.303,0.463,0.7659999999999999,1.7,99.0,-0.28,0.0,0.0,0.0,0.0,0.0,0.0,0.0,0.0,0.0,0.0,0.0,0.0,0.0,0.0,0.0,0.0,0.0,0.0,0.0,0.0,0.0,0.0,0.0,0.0,0.0,0.0,0.0,0.0,0.0,0.0,0.0,0.0
Billy Butler,Royals,159,608.0,672.0,183.0,110.0,51.0,1.0,21.0,78.0,93.0,58.0,3.0,103.0,8.6,15.3,0.56,0.332,2.0,4.0,0.0,20.0,1.0,0.0,-17.0,0.191,0.369,22.5,0.301,0.362,0.4920000000000001,0.853,1.7,122.0,2.34,0.0,0.0,0.0,0.0,0.0,0.0,0.0,0.0,0.0,0.0,0.0,0.0,0.0,0.0,0.0,0.0,0.0,0.0,0.0,0.0,0.0,0.0,0.0,0.0,0.0,0.0,0.0,0.0,0.0,0.0,0.0,0.0
Clint Barmes,Rockies,154,550.0,604.0,135.0,77.0,32.0,3.0,23.0,69.0,76.0,31.0,2.0,121.0,5.1,20.0,0.26,0.271,10.0,7.0,6.0,6.0,12.0,10.0,11.1,0.195,0.316,-6.3,0.245,0.294,0.44,0.7340000000000001,1.7,79.0,-2.06,0.0,0.0,0.0,0.0,0.0,0.0,0.0,0.0,0.0,0.0,0.0,0.0,0.0,0.0,0.0,0.0,0.0,0.0,0.0,0.0,0.0,0.0,0.0,0.0,0.0,0.0,0.0,0.0,0.0,0.0,0.0,0.0
Cody Ross,Marlins,151,559.0,604.0,151.0,89.0,37.0,1.0,24.0,73.0,90.0,34.0,1.0,122.0,5.6,20.2,0.28,0.306,9.0,2.0,0.0,18.0,5.0,2.0,-7.9,0.199,0.342,6.7,0.27,0.321,0.469,0.79,1.6,105.0,0.61,0.0,0.0,0.0,0.0,0.0,0.0,0.0,0.0,0.0,0.0,0.0,0.0,0.0,0.0,0.0,0.0,0.0,0.0,0.0,0.0,0.0,0.0,0.0,0.0,0.0,0.0,0.0,0.0,0.0,0.0,0.0,0.0
Skip Schumaker,Cardinals,153,532.0,586.0,161.0,122.0,34.0,1.0,4.0,85.0,35.0,52.0,2.0,69.0,8.9,11.8,0.75,0.341,0.0,1.0,1.0,4.0,2.0,2.0,-9.9,0.09,0.338,4.4,0.303,0.364,0.393,0.757,1.6,107.0,0.81,0.0,0.0,0.0,0.0,0.0,0.0,0.0,0.0,0.0,0.0,0.0,0.0,0.0,0.0,0.0,0.0,0.0,0.0,0.0,0.0,0.0,0.0,0.0,0.0,0.0,0.0,0.0,0.0,0.0,0.0,0.0,0.0
Nick Johnson,Marlins,133,457.0,574.0,133.0,99.0,24.0,2.0,8.0,71.0,62.0,99.0,4.0,84.0,17.2,14.6,1.18,0.338,12.0,5.0,1.0,15.0,2.0,4.0,-17.6,0.114,0.376,22.6,0.29100000000000004,0.426,0.405,0.831,1.6,129.0,3.57,0.0,0.0,0.0,0.0,0.0,0.0,0.0,0.0,0.0,0.0,0.0,0.0,0.0,0.0,0.0,0.0,0.0,0.0,0.0,0.0,0.0,0.0,0.0,0.0,0.0,0.0,0.0,0.0,0.0,0.0,0.0,0.0
Luis Castillo,Mets,142,486.0,580.0,147.0,131.0,12.0,3.0,1.0,77.0,40.0,69.0,3.0,58.0,11.9,10.0,1.19,0.338,1.0,5.0,19.0,15.0,20.0,6.0,-9.0,0.043,0.334,2.7,0.302,0.387,0.34600000000000003,0.732,1.5,104.0,0.08,0.0,0.0,0.0,0.0,0.0,0.0,0.0,0.0,0.0,0.0,0.0,0.0,0.0,0.0,0.0,0.0,0.0,0.0,0.0,0.0,0.0,0.0,0.0,0.0,0.0,0.0,0.0,0.0,0.0,0.0,0.0,0.0
Adam Jones,Orioles,119,473.0,519.0,131.0,87.0,22.0,3.0,19.0,83.0,70.0,36.0,3.0,93.0,6.9,17.9,0.39,0.308,7.0,3.0,0.0,13.0,10.0,4.0,-5.6,0.18,0.343,6.3,0.277,0.335,0.457,0.792,1.5,103.0,0.88,0.0,0.0,0.0,0.0,0.0,0.0,0.0,0.0,0.0,0.0,0.0,0.0,0.0,0.0,0.0,0.0,0.0,0.0,0.0,0.0,0.0,0.0,0.0,0.0,0.0,0.0,0.0,0.0,0.0,0.0,0.0,0.0
Melky Cabrera,Yankees,154,485.0,540.0,133.0,91.0,28.0,1.0,13.0,66.0,68.0,43.0,4.0,59.0,8.0,10.9,0.73,0.28800000000000003,4.0,4.0,4.0,15.0,10.0,2.0,0.9,0.142,0.329,0.2,0.274,0.336,0.416,0.752,1.5,94.0,-0.78,0.0,0.0,0.0,0.0,0.0,0.0,0.0,0.0,0.0,0.0,0.0,0.0,0.0,0.0,0.0,0.0,0.0,0.0,0.0,0.0,0.0,0.0,0.0,0.0,0.0,0.0,0.0,0.0,0.0,0.0,0.0,0.0
Adam Kennedy,Athletics,129,529.0,587.0,153.0,112.0,29.0,1.0,11.0,65.0,63.0,45.0,2.0,86.0,7.7,14.7,0.52,0.326,4.0,3.0,5.0,8.0,20.0,6.0,-8.7,0.121,0.335,3.0,0.289,0.348,0.41,0.758,1.5,103.0,0.82,0.0,0.0,0.0,0.0,0.0,0.0,0.0,0.0,0.0,0.0,0.0,0.0,0.0,0.0,0.0,0.0,0.0,0.0,0.0,0.0,0.0,0.0,0.0,0.0,0.0,0.0,0.0,0.0,0.0,0.0,0.0,0.0
Pedro Feliz,Phillies,158,580.0,625.0,154.0,110.0,30.0,2.0,12.0,62.0,82.0,35.0,3.0,68.0,5.6,10.9,0.51,0.281,3.0,5.0,2.0,12.0,0.0,1.0,13.6,0.121,0.304,-12.8,0.266,0.308,0.386,0.6940000000000001,1.4,80.0,0.5,0.0,0.0,0.0,0.0,0.0,0.0,0.0,0.0,0.0,0.0,0.0,0.0,0.0,0.0,0.0,0.0,0.0,0.0,0.0,0.0,0.0,0.0,0.0,0.0,0.0,0.0,0.0,0.0,0.0,0.0,0.0,0.0
Marlon Byrd,Rangers,146,547.0,599.0,155.0,90.0,43.0,2.0,20.0,66.0,89.0,32.0,2.0,98.0,5.3,16.4,0.33,0.308,10.0,10.0,0.0,11.0,8.0,4.0,-8.4,0.196,0.34600000000000003,8.8,0.28300000000000003,0.329,0.479,0.8079999999999999,1.3,103.0,0.76,0.0,0.0,0.0,0.0,0.0,0.0,0.0,0.0,0.0,0.0,0.0,0.0,0.0,0.0,0.0,0.0,0.0,0.0,0.0,0.0,0.0,0.0,0.0,0.0,0.0,0.0,0.0,0.0,0.0,0.0,0.0,0.0
Luke Scott,Orioles,128,449.0,506.0,116.0,64.0,26.0,1.0,25.0,61.0,77.0,55.0,5.0,104.0,10.9,20.6,0.53,0.28300000000000003,1.0,1.0,0.0,4.0,0.0,0.0,-12.9,0.229,0.35600000000000004,11.3,0.258,0.34,0.488,0.828,1.3,112.0,-0.25,0.0,0.0,0.0,0.0,0.0,0.0,0.0,0.0,0.0,0.0,0.0,0.0,0.0,0.0,0.0,0.0,0.0,0.0,0.0,0.0,0.0,0.0,0.0,0.0,0.0,0.0,0.0,0.0,0.0,0.0,0.0,0.0
Brad Hawpe,Rockies,145,501.0,588.0,143.0,75.0,42.0,3.0,23.0,82.0,86.0,79.0,7.0,145.0,13.4,24.7,0.54,0.35600000000000004,4.0,4.0,0.0,18.0,1.0,3.0,-26.3,0.234,0.387,28.5,0.285,0.384,0.519,0.903,1.2,127.0,2.39,0.0,0.0,0.0,0.0,0.0,0.0,0.0,0.0,0.0,0.0,0.0,0.0,0.0,0.0,0.0,0.0,0.0,0.0,0.0,0.0,0.0,0.0,0.0,0.0,0.0,0.0,0.0,0.0,0.0,0.0,0.0,0.0
James Loney,Dodgers,158,576.0,652.0,162.0,122.0,25.0,2.0,13.0,73.0,90.0,70.0,10.0,68.0,10.7,10.4,1.03,0.299,0.0,4.0,1.0,16.0,7.0,3.0,-10.3,0.118,0.332,1.8,0.281,0.35700000000000004,0.399,0.7559999999999999,1.2,103.0,0.68,0.0,0.0,0.0,0.0,0.0,0.0,0.0,0.0,0.0,0.0,0.0,0.0,0.0,0.0,0.0,0.0,0.0,0.0,0.0,0.0,0.0,0.0,0.0,0.0,0.0,0.0,0.0,0.0,0.0,0.0,0.0,0.0
Russell Martin,Dodgers,143,505.0,588.0,126.0,100.0,19.0,0.0,7.0,63.0,53.0,69.0,9.0,80.0,11.7,13.6,0.86,0.284,11.0,1.0,2.0,18.0,11.0,6.0,5.2,0.079,0.309,-9.7,0.25,0.35200000000000004,0.329,0.68,1.2,87.0,-2.59,0.0,0.0,0.0,0.0,0.0,0.0,0.0,0.0,0.0,0.0,0.0,0.0,0.0,0.0,0.0,0.0,0.0,0.0,0.0,0.0,0.0,0.0,0.0,0.0,0.0,0.0,0.0,0.0,0.0,0.0,0.0,0.0
Adam Dunn,Nationals,159,546.0,668.0,146.0,79.0,29.0,0.0,38.0,81.0,105.0,116.0,16.0,177.0,17.4,26.5,0.66,0.324,4.0,2.0,0.0,8.0,0.0,1.0,-44.8,0.262,0.395,36.7,0.267,0.398,0.529,0.928,1.1,142.0,2.54,0.0,0.0,0.0,0.0,0.0,0.0,0.0,0.0,0.0,0.0,0.0,0.0,0.0,0.0,0.0,0.0,0.0,0.0,0.0,0.0,0.0,0.0,0.0,0.0,0.0,0.0,0.0,0.0,0.0,0.0,0.0,0.0
Chase Headley,Padres,156,543.0,612.0,142.0,97.0,31.0,2.0,12.0,62.0,64.0,62.0,3.0,133.0,10.1,21.7,0.47,0.325,5.0,2.0,0.0,19.0,10.0,2.0,-11.1,0.131,0.326,-1.3,0.262,0.342,0.392,0.7340000000000001,1.0,104.0,1.26,0.0,0.0,0.0,0.0,0.0,0.0,0.0,0.0,0.0,0.0,0.0,0.0,0.0,0.0,0.0,0.0,0.0,0.0,0.0,0.0,0.0,0.0,0.0,0.0,0.0,0.0,0.0,0.0,0.0,0.0,0.0,0.0
Jorge Cantu,Marlins,149,585.0,643.0,169.0,111.0,42.0,0.0,16.0,67.0,100.0,47.0,4.0,81.0,7.3,12.6,0.58,0.31,6.0,5.0,0.0,15.0,3.0,1.0,-12.8,0.154,0.343,7.8,0.289,0.345,0.443,0.7879999999999999,1.0,106.0,3.45,0.0,0.0,0.0,0.0,0.0,0.0,0.0,0.0,0.0,0.0,0.0,0.0,0.0,0.0,0.0,0.0,0.0,0.0,0.0,0.0,0.0,0.0,0.0,0.0,0.0,0.0,0.0,0.0,0.0,0.0,0.0,0.0
Daniel Murphy,Mets,155,508.0,556.0,135.0,81.0,38.0,4.0,12.0,60.0,63.0,38.0,4.0,69.0,6.8,12.4,0.55,0.284,0.0,6.0,4.0,13.0,4.0,2.0,-5.7,0.161,0.319,-4.3,0.266,0.313,0.4270000000000001,0.741,0.8,94.0,-0.61,0.0,0.0,0.0,0.0,0.0,0.0,0.0,0.0,0.0,0.0,0.0,0.0,0.0,0.0,0.0,0.0,0.0,0.0,0.0,0.0,0.0,0.0,0.0,0.0,0.0,0.0,0.0,0.0,0.0,0.0,0.0,0.0
Jason Kendall,Brewers,134,452.0,526.0,109.0,86.0,19.0,2.0,2.0,48.0,43.0,46.0,6.0,58.0,8.7,11.0,0.79,0.27,17.0,5.0,6.0,11.0,7.0,2.0,9.8,0.064,0.29,-17.0,0.241,0.331,0.305,0.636,0.8,72.0,-0.88,0.0,0.0,0.0,0.0,0.0,0.0,0.0,0.0,0.0,0.0,0.0,0.0,0.0,0.0,0.0,0.0,0.0,0.0,0.0,0.0,0.0,0.0,0.0,0.0,0.0,0.0,0.0,0.0,0.0,0.0,0.0,0.0
Cristian Guzman,Nationals,135,531.0,555.0,151.0,114.0,24.0,7.0,6.0,74.0,52.0,16.0,0.0,75.0,2.9,13.5,0.21,0.322,1.0,1.0,6.0,9.0,4.0,5.0,0.8,0.105,0.305,-10.8,0.284,0.306,0.39,0.696,0.8,82.0,-0.23,0.0,0.0,0.0,0.0,0.0,0.0,0.0,0.0,0.0,0.0,0.0,0.0,0.0,0.0,0.0,0.0,0.0,0.0,0.0,0.0,0.0,0.0,0.0,0.0,0.0,0.0,0.0,0.0,0.0,0.0,0.0,0.0
Magglio Ordonez,Tigers,131,465.0,518.0,144.0,109.0,24.0,2.0,9.0,54.0,50.0,51.0,2.0,65.0,9.8,12.5,0.78,0.344,0.0,2.0,0.0,19.0,3.0,1.0,-13.4,0.118,0.35600000000000004,11.7,0.31,0.376,0.428,0.804,0.8,113.0,0.45,0.0,0.0,0.0,0.0,0.0,0.0,0.0,0.0,0.0,0.0,0.0,0.0,0.0,0.0,0.0,0.0,0.0,0.0,0.0,0.0,0.0,0.0,0.0,0.0,0.0,0.0,0.0,0.0,0.0,0.0,0.0,0.0
Carlos Lee,Astros,160,610.0,662.0,183.0,121.0,35.0,1.0,26.0,65.0,102.0,41.0,5.0,51.0,6.2,7.7,0.8,0.29,3.0,8.0,0.0,21.0,5.0,3.0,-16.6,0.189,0.35600000000000004,15.2,0.3,0.343,0.489,0.831,0.8,118.0,1.41,0.0,0.0,0.0,0.0,0.0,0.0,0.0,0.0,0.0,0.0,0.0,0.0,0.0,0.0,0.0,0.0,0.0,0.0,0.0,0.0,0.0,0.0,0.0,0.0,0.0,0.0,0.0,0.0,0.0,0.0,0.0,0.0
Kaz Matsui,Astros,132,476.0,533.0,119.0,88.0,20.0,2.0,9.0,56.0,46.0,34.0,2.0,85.0,6.4,15.9,0.4,0.285,3.0,4.0,16.0,4.0,19.0,3.0,1.9,0.107,0.292,-16.4,0.25,0.302,0.35700000000000004,0.659,0.8,74.0,-1.33,0.0,0.0,0.0,0.0,0.0,0.0,0.0,0.0,0.0,0.0,0.0,0.0,0.0,0.0,0.0,0.0,0.0,0.0,0.0,0.0,0.0,0.0,0.0,0.0,0.0,0.0,0.0,0.0,0.0,0.0,0.0,0.0
Orlando Cabrera,Twins,160,656.0,708.0,186.0,138.0,36.0,3.0,9.0,83.0,77.0,36.0,1.0,71.0,5.1,10.0,0.51,0.302,0.0,10.0,6.0,22.0,13.0,4.0,-5.9,0.105,0.309,-11.6,0.284,0.316,0.389,0.705,0.7,85.0,-1.02,0.0,0.0,0.0,0.0,0.0,0.0,0.0,0.0,0.0,0.0,0.0,0.0,0.0,0.0,0.0,0.0,0.0,0.0,0.0,0.0,0.0,0.0,0.0,0.0,0.0,0.0,0.0,0.0,0.0,0.0,0.0,0.0
David Eckstein,Padres,136,503.0,568.0,131.0,100.0,27.0,2.0,2.0,64.0,51.0,39.0,1.0,46.0,6.9,8.1,0.85,0.281,9.0,4.0,13.0,8.0,3.0,1.0,-0.5,0.07400000000000001,0.29600000000000004,-15.2,0.26,0.32299999999999995,0.334,0.657,0.7,84.0,1.43,0.0,0.0,0.0,0.0,0.0,0.0,0.0,0.0,0.0,0.0,0.0,0.0,0.0,0.0,0.0,0.0,0.0,0.0,0.0,0.0,0.0,0.0,0.0,0.0,0.0,0.0,0.0,0.0,0.0,0.0,0.0,0.0
Dexter Fowler,Rockies,135,433.0,518.0,115.0,72.0,29.0,10.0,4.0,73.0,34.0,67.0,1.0,116.0,12.9,22.4,0.58,0.35100000000000003,1.0,3.0,14.0,4.0,27.0,10.0,-14.4,0.141,0.342,5.9,0.266,0.363,0.406,0.77,0.7,97.0,-0.56,0.0,0.0,0.0,0.0,0.0,0.0,0.0,0.0,0.0,0.0,0.0,0.0,0.0,0.0,0.0,0.0,0.0,0.0,0.0,0.0,0.0,0.0,0.0,0.0,0.0,0.0,0.0,0.0,0.0,0.0,0.0,0.0
Jhonny Peralta,Indians,151,582.0,645.0,148.0,101.0,35.0,1.0,11.0,57.0,83.0,51.0,0.0,134.0,7.9,20.8,0.38,0.309,4.0,6.0,2.0,20.0,0.0,2.0,4.0,0.12,0.307,-11.7,0.254,0.316,0.375,0.69,0.7,83.0,-1.86,0.0,0.0,0.0,0.0,0.0,0.0,0.0,0.0,0.0,0.0,0.0,0.0,0.0,0.0,0.0,0.0,0.0,0.0,0.0,0.0,0.0,0.0,0.0,0.0,0.0,0.0,0.0,0.0,0.0,0.0,0.0,0.0
Jack Cust,Athletics,149,513.0,612.0,123.0,82.0,16.0,0.0,25.0,88.0,70.0,93.0,5.0,185.0,15.2,30.2,0.5,0.319,2.0,4.0,0.0,7.0,4.0,1.0,-20.8,0.177,0.342,6.9,0.24,0.35600000000000004,0.417,0.773,0.6,108.0,0.28,0.0,0.0,0.0,0.0,0.0,0.0,0.0,0.0,0.0,0.0,0.0,0.0,0.0,0.0,0.0,0.0,0.0,0.0,0.0,0.0,0.0,0.0,0.0,0.0,0.0,0.0,0.0,0.0,0.0,0.0,0.0,0.0
Bengie Molina,Giants,132,491.0,520.0,130.0,84.0,25.0,1.0,20.0,52.0,80.0,13.0,3.0,68.0,2.5,13.1,0.19,0.266,5.0,11.0,0.0,14.0,0.0,0.0,2.6,0.177,0.308,-8.7,0.265,0.285,0.442,0.727,0.3,86.0,-0.27,0.0,0.0,0.0,0.0,0.0,0.0,0.0,0.0,0.0,0.0,0.0,0.0,0.0,0.0,0.0,0.0,0.0,0.0,0.0,0.0,0.0,0.0,0.0,0.0,0.0,0.0,0.0,0.0,0.0,0.0,0.0,0.0
David Ortiz,Red Sox,150,541.0,627.0,129.0,65.0,35.0,1.0,28.0,77.0,99.0,74.0,5.0,134.0,11.8,21.4,0.55,0.262,5.0,7.0,0.0,9.0,0.0,2.0,-16.0,0.224,0.342,7.0,0.238,0.332,0.462,0.794,0.3,100.0,0.65,0.0,0.0,0.0,0.0,0.0,0.0,0.0,0.0,0.0,0.0,0.0,0.0,0.0,0.0,0.0,0.0,0.0,0.0,0.0,0.0,0.0,0.0,0.0,0.0,0.0,0.0,0.0,0.0,0.0,0.0,0.0,0.0
Jeff Francoeur,Mets,157,593.0,632.0,166.0,115.0,32.0,4.0,15.0,72.0,76.0,23.0,5.0,92.0,3.6,14.6,0.25,0.305,6.0,9.0,1.0,13.0,6.0,4.0,-9.6,0.14300000000000002,0.315,-7.3,0.28,0.309,0.423,0.732,0.1,90.0,-2.01,0.0,0.0,0.0,0.0,0.0,0.0,0.0,0.0,0.0,0.0,0.0,0.0,0.0,0.0,0.0,0.0,0.0,0.0,0.0,0.0,0.0,0.0,0.0,0.0,0.0,0.0,0.0,0.0,0.0,0.0,0.0,0.0
Alex Rios,White Sox,149,582.0,633.0,144.0,94.0,31.0,2.0,17.0,63.0,71.0,37.0,1.0,107.0,5.8,16.9,0.35,0.273,6.0,7.0,1.0,21.0,24.0,5.0,-4.9,0.14800000000000002,0.302,-14.0,0.247,0.29600000000000004,0.395,0.691,-0.1,77.0,-1.45,0.0,0.0,0.0,0.0,0.0,0.0,0.0,0.0,0.0,0.0,0.0,0.0,0.0,0.0,0.0,0.0,0.0,0.0,0.0,0.0,0.0,0.0,0.0,0.0,0.0,0.0,0.0,0.0,0.0,0.0,0.0,0.0
Alfonso Soriano,Cubs,117,477.0,522.0,115.0,69.0,25.0,1.0,20.0,64.0,55.0,40.0,6.0,118.0,7.7,22.6,0.34,0.279,3.0,2.0,0.0,7.0,9.0,2.0,-8.2,0.182,0.313,-6.8,0.241,0.303,0.423,0.726,-0.1,83.0,0.57,0.0,0.0,0.0,0.0,0.0,0.0,0.0,0.0,0.0,0.0,0.0,0.0,0.0,0.0,0.0,0.0,0.0,0.0,0.0,0.0,0.0,0.0,0.0,0.0,0.0,0.0,0.0,0.0,0.0,0.0,0.0,0.0
Edgar Renteria,Giants,124,460.0,510.0,115.0,90.0,19.0,1.0,5.0,50.0,48.0,39.0,5.0,69.0,7.6,13.5,0.57,0.281,1.0,5.0,5.0,17.0,7.0,2.0,5.7,0.078,0.282,-19.7,0.25,0.307,0.328,0.635,-0.1,68.0,-0.78,0.0,0.0,0.0,0.0,0.0,0.0,0.0,0.0,0.0,0.0,0.0,0.0,0.0,0.0,0.0,0.0,0.0,0.0,0.0,0.0,0.0,0.0,0.0,0.0,0.0,0.0,0.0,0.0,0.0,0.0,0.0,0.0
Vernon Wells,Blue Jays,158,630.0,684.0,164.0,109.0,37.0,3.0,15.0,84.0,66.0,48.0,2.0,86.0,7.0,12.6,0.56,0.279,1.0,5.0,0.0,18.0,17.0,4.0,-14.3,0.14,0.312,-9.7,0.26,0.311,0.4,0.711,-0.1,84.0,-2.62,0.0,0.0,0.0,0.0,0.0,0.0,0.0,0.0,0.0,0.0,0.0,0.0,0.0,0.0,0.0,0.0,0.0,0.0,0.0,0.0,0.0,0.0,0.0,0.0,0.0,0.0,0.0,0.0,0.0,0.0,0.0,0.0
Emilio Bonifacio,Marlins,127,461.0,509.0,116.0,98.0,11.0,6.0,1.0,72.0,27.0,34.0,0.0,95.0,6.7,18.7,0.36,0.312,2.0,4.0,8.0,5.0,21.0,9.0,-3.1,0.056,0.277,-21.9,0.252,0.303,0.308,0.611,-0.5,61.0,-1.71,0.0,0.0,0.0,0.0,0.0,0.0,0.0,0.0,0.0,0.0,0.0,0.0,0.0,0.0,0.0,0.0,0.0,0.0,0.0,0.0,0.0,0.0,0.0,0.0,0.0,0.0,0.0,0.0,0.0,0.0,0.0,0.0
Mark Teahen,Royals,144,524.0,571.0,142.0,95.0,34.0,1.0,12.0,69.0,50.0,37.0,4.0,123.0,6.5,21.5,0.3,0.332,6.0,2.0,2.0,12.0,8.0,1.0,-15.4,0.13699999999999998,0.321,-3.6,0.271,0.325,0.408,0.7340000000000001,-0.5,90.0,-1.66,0.0,0.0,0.0,0.0,0.0,0.0,0.0,0.0,0.0,0.0,0.0,0.0,0.0,0.0,0.0,0.0,0.0,0.0,0.0,0.0,0.0,0.0,0.0,0.0,0.0,0.0,0.0,0.0,0.0,0.0,0.0,0.0
Jermaine Dye,White Sox,141,503.0,574.0,126.0,79.0,19.0,1.0,27.0,78.0,81.0,64.0,2.0,108.0,11.1,18.8,0.59,0.268,5.0,2.0,0.0,15.0,0.0,2.0,-28.0,0.203,0.34700000000000003,8.6,0.25,0.34,0.453,0.7929999999999999,-0.8,105.0,-1.25,0.0,0.0,0.0,0.0,0.0,0.0,0.0,0.0,0.0,0.0,0.0,0.0,0.0,0.0,0.0,0.0,0.0,0.0,0.0,0.0,0.0,0.0,0.0,0.0,0.0,0.0,0.0,0.0,0.0,0.0,0.0,0.0
Garret Anderson,Braves,135,496.0,534.0,133.0,93.0,27.0,0.0,13.0,52.0,61.0,27.0,2.0,73.0,5.1,13.7,0.37,0.28600000000000003,2.0,9.0,0.0,11.0,1.0,0.0,-16.2,0.133,0.306,-10.1,0.268,0.303,0.401,0.705,-1.0,83.0,-1.4,0.0,0.0,0.0,0.0,0.0,0.0,0.0,0.0,0.0,0.0,0.0,0.0,0.0,0.0,0.0,0.0,0.0,0.0,0.0,0.0,0.0,0.0,0.0,0.0,0.0,0.0,0.0,0.0,0.0,0.0,0.0,0.0
Aubrey Huff,Tigers,150,536.0,597.0,129.0,83.0,30.0,1.0,15.0,59.0,85.0,51.0,7.0,87.0,8.5,14.6,0.59,0.26,5.0,5.0,0.0,15.0,0.0,6.0,-18.6,0.14400000000000002,0.303,-12.6,0.241,0.31,0.384,0.6940000000000001,-2.1,77.0,-0.32,0.0,0.0,0.0,0.0,0.0,0.0,0.0,0.0,0.0,0.0,0.0,0.0,0.0,0.0,0.0,0.0,0.0,0.0,0.0,0.0,0.0,0.0,0.0,0.0,0.0,0.0,0.0,0.0,0.0,0.0,0.0,0.0
Yuniesky Betancourt,Royals,134,470.0,508.0,115.0,83.0,20.0,6.0,6.0,40.0,49.0,21.0,0.0,44.0,4.1,8.7,0.48,0.256,0.0,6.0,11.0,17.0,3.0,3.0,-10.9,0.106,0.273,-23.2,0.245,0.274,0.35100000000000003,0.625,-2.5,61.0,-2.13,0.0,0.0,0.0,0.0,0.0,0.0,0.0,0.0,0.0,0.0,0.0,0.0,0.0,0.0,0.0,0.0,0.0,0.0,0.0,0.0,0.0,0.0,0.0,0.0,0.0,0.0,0.0,0.0,0.0,0.0,0.0,0.0
Zack Greinke,Royals,33,0.0,0.0,0.0,0.0,0.0,0.0,0.0,0.0,0.0,0.0,0.0,0.0,0.0,0.0,0.0,0.0,0.0,0.0,0.0,0.0,0.0,0.0,0.0,0.0,0.0,0.0,0.0,0.0,0.0,0.0,8.6,0.0,5.96,16.0,8.0,33.0,6.0,229.1,195.0,11.0,51.0,242.0,64.0,0.0,0.0,0.0,55.0,4.0,0.0,0.0,3.0,915.0,5.0,0.43,2.0,9.5,4.75,20.9,40.0,4.5,79.3,2.16,0.303,2.33,1.07
Justin Verlander,Tigers,35,0.0,0.0,0.0,0.0,0.0,0.0,0.0,0.0,0.0,0.0,0.0,0.0,0.0,0.0,0.0,0.0,0.0,0.0,0.0,0.0,0.0,0.0,0.0,0.0,0.0,0.0,0.0,0.0,0.0,0.0,7.7,0.0,4.33,19.0,9.0,35.0,3.0,240.0,219.0,20.0,63.0,269.0,99.0,0.0,0.0,4.0,92.0,6.0,0.0,5.0,1.0,982.0,8.0,0.75,2.36,10.09,4.27,21.0,36.0,7.4,72.7,3.45,0.319,2.8,1.18
Tim Lincecum,Giants,32,0.0,0.0,0.0,0.0,0.0,0.0,0.0,0.0,0.0,0.0,0.0,0.0,0.0,0.0,0.0,0.0,0.0,0.0,0.0,0.0,0.0,0.0,0.0,0.0,0.0,0.0,0.0,0.0,0.0,0.0,7.7,0.0,4.55,15.0,7.0,32.0,4.0,225.1,168.0,10.0,68.0,261.0,69.0,0.0,0.0,0.0,62.0,6.0,0.0,2.0,2.0,905.0,11.0,0.4,2.72,10.42,3.84,21.3,47.5,5.5,75.9,2.48,0.282,2.34,1.05
Roy Halladay,Blue Jays,32,0.0,0.0,0.0,0.0,0.0,0.0,0.0,0.0,0.0,0.0,0.0,0.0,0.0,0.0,0.0,0.0,0.0,0.0,0.0,0.0,0.0,0.0,0.0,0.0,0.0,0.0,0.0,0.0,0.0,0.0,7.0,0.0,3.66,17.0,10.0,32.0,9.0,239.0,234.0,22.0,35.0,208.0,82.0,0.0,0.0,0.0,74.0,5.0,0.0,0.0,4.0,963.0,2.0,0.83,1.32,7.83,5.94,18.0,50.2,10.6,79.0,2.79,0.306,3.06,1.13
Javier Vazquez,Braves,32,0.0,0.0,0.0,0.0,0.0,0.0,0.0,0.0,0.0,0.0,0.0,0.0,0.0,0.0,0.0,0.0,0.0,0.0,0.0,0.0,0.0,0.0,0.0,0.0,0.0,0.0,0.0,0.0,0.0,0.0,6.5,0.0,2.89,15.0,10.0,32.0,3.0,219.1,181.0,20.0,44.0,238.0,75.0,0.0,0.0,0.0,70.0,4.0,0.0,2.0,0.0,874.0,6.0,0.82,1.81,9.77,5.41,22.2,41.7,10.1,76.6,2.87,0.28300000000000003,2.77,1.03
Cliff Lee,Phillies,34,0.0,0.0,0.0,0.0,0.0,0.0,0.0,0.0,0.0,0.0,0.0,0.0,0.0,0.0,0.0,0.0,0.0,0.0,0.0,0.0,0.0,0.0,0.0,0.0,0.0,0.0,0.0,0.0,0.0,0.0,6.3,0.0,2.47,14.0,13.0,34.0,6.0,231.2,245.0,17.0,43.0,181.0,88.0,0.0,0.0,0.0,83.0,5.0,0.0,1.0,2.0,969.0,7.0,0.66,1.67,7.03,4.21,14.2,41.3,6.5,76.2,3.22,0.315,3.11,1.24
Felix Hernandez,Mariners,34,0.0,0.0,0.0,0.0,0.0,0.0,0.0,0.0,0.0,0.0,0.0,0.0,0.0,0.0,0.0,0.0,0.0,0.0,0.0,0.0,0.0,0.0,0.0,0.0,0.0,0.0,0.0,0.0,0.0,0.0,6.2,0.0,3.84,19.0,5.0,34.0,2.0,238.2,200.0,15.0,71.0,217.0,81.0,0.0,0.0,1.0,66.0,8.0,0.0,0.0,1.0,977.0,17.0,0.57,2.68,8.18,3.06,14.9,53.4,7.5,76.7,2.49,0.278,3.09,1.14
CC Sabathia,Yankees,34,0.0,0.0,0.0,0.0,0.0,0.0,0.0,0.0,0.0,0.0,0.0,0.0,0.0,0.0,0.0,0.0,0.0,0.0,0.0,0.0,0.0,0.0,0.0,0.0,0.0,0.0,0.0,0.0,0.0,0.0,5.9,0.0,2.84,19.0,8.0,34.0,2.0,230.0,197.0,18.0,67.0,197.0,96.0,0.0,0.0,0.0,86.0,9.0,0.0,7.0,1.0,938.0,5.0,0.7,2.62,7.71,2.94,13.9,42.9,7.4,71.4,3.37,0.277,3.39,1.15
Adam Wainwright,Cardinals,34,0.0,0.0,0.0,0.0,0.0,0.0,0.0,0.0,0.0,0.0,0.0,0.0,0.0,0.0,0.0,0.0,0.0,0.0,0.0,0.0,0.0,0.0,0.0,0.0,0.0,0.0,0.0,0.0,0.0,0.0,5.7,0.0,3.85,19.0,8.0,34.0,1.0,233.0,216.0,17.0,66.0,212.0,75.0,0.0,0.0,0.0,68.0,3.0,0.0,1.0,0.0,970.0,7.0,0.66,2.55,8.19,3.21,15.1,50.7,8.3,80.4,2.63,0.29600000000000004,3.11,1.21
Dan Haren,Diamondbacks,33,0.0,0.0,0.0,0.0,0.0,0.0,0.0,0.0,0.0,0.0,0.0,0.0,0.0,0.0,0.0,0.0,0.0,0.0,0.0,0.0,0.0,0.0,0.0,0.0,0.0,0.0,0.0,0.0,0.0,0.0,5.6,0.0,2.91,14.0,10.0,33.0,3.0,229.1,192.0,27.0,38.0,223.0,83.0,0.0,0.0,0.0,80.0,4.0,0.0,2.0,1.0,909.0,13.0,1.06,1.49,8.75,5.87,20.4,42.9,11.7,77.0,3.14,0.267,3.23,1.0
Chris Carpenter,Cardinals,28,0.0,0.0,0.0,0.0,0.0,0.0,0.0,0.0,0.0,0.0,0.0,0.0,0.0,0.0,0.0,0.0,0.0,0.0,0.0,0.0,0.0,0.0,0.0,0.0,0.0,0.0,0.0,0.0,0.0,0.0,5.5,0.0,5.53,17.0,4.0,28.0,3.0,192.2,156.0,7.0,38.0,144.0,49.0,0.0,0.0,0.0,48.0,7.0,0.0,1.0,1.0,750.0,1.0,0.33,1.78,6.73,3.79,14.1,55.0,4.6,79.5,2.24,0.269,2.78,1.01
Josh Johnson,Marlins,33,0.0,0.0,0.0,0.0,0.0,0.0,0.0,0.0,0.0,0.0,0.0,0.0,0.0,0.0,0.0,0.0,0.0,0.0,0.0,0.0,0.0,0.0,0.0,0.0,0.0,0.0,0.0,0.0,0.0,0.0,5.5,0.0,2.61,15.0,5.0,33.0,2.0,209.0,184.0,14.0,58.0,191.0,77.0,0.0,0.0,0.0,75.0,6.0,0.0,6.0,0.0,855.0,10.0,0.6,2.5,8.22,3.29,15.6,50.3,7.5,74.9,3.23,0.29,3.06,1.16
Ubaldo Jimenez,Rockies,33,0.0,0.0,0.0,0.0,0.0,0.0,0.0,0.0,0.0,0.0,0.0,0.0,0.0,0.0,0.0,0.0,0.0,0.0,0.0,0.0,0.0,0.0,0.0,0.0,0.0,0.0,0.0,0.0,0.0,0.0,5.3,0.0,3.34,15.0,12.0,33.0,1.0,218.0,183.0,13.0,85.0,198.0,87.0,0.0,0.0,3.0,84.0,10.0,0.0,6.0,0.0,914.0,8.0,0.54,3.51,8.17,2.33,12.4,52.5,7.8,73.5,3.47,0.28,3.36,1.23
Jon Lester,Red Sox,32,0.0,0.0,0.0,0.0,0.0,0.0,0.0,0.0,0.0,0.0,0.0,0.0,0.0,0.0,0.0,0.0,0.0,0.0,0.0,0.0,0.0,0.0,0.0,0.0,0.0,0.0,0.0,0.0,0.0,0.0,5.3,0.0,2.41,15.0,8.0,32.0,2.0,203.1,186.0,20.0,64.0,225.0,80.0,0.0,0.0,0.0,77.0,3.0,0.0,0.0,0.0,843.0,6.0,0.89,2.83,9.96,3.52,19.1,47.7,10.6,76.9,3.41,0.313,3.15,1.23
Joel Pineiro,Cardinals,32,0.0,0.0,0.0,0.0,0.0,0.0,0.0,0.0,0.0,0.0,0.0,0.0,0.0,0.0,0.0,0.0,0.0,0.0,0.0,0.0,0.0,0.0,0.0,0.0,0.0,0.0,0.0,0.0,0.0,0.0,4.6,0.0,0.49,15.0,12.0,32.0,3.0,214.0,218.0,11.0,27.0,105.0,94.0,0.0,0.0,0.0,83.0,8.0,0.0,1.0,2.0,865.0,4.0,0.46,1.14,4.42,3.89,9.0,60.5,6.5,66.9,3.49,0.29,3.27,1.14
Clayton Kershaw,Dodgers,31,0.0,0.0,0.0,0.0,0.0,0.0,0.0,0.0,0.0,0.0,0.0,0.0,0.0,0.0,0.0,0.0,0.0,0.0,0.0,0.0,0.0,0.0,0.0,0.0,0.0,0.0,0.0,0.0,0.0,0.0,4.4,0.0,3.17,8.0,8.0,30.0,0.0,171.0,119.0,7.0,91.0,185.0,55.0,0.0,0.0,2.0,53.0,1.0,0.0,4.0,0.0,701.0,11.0,0.37,4.79,9.74,2.03,13.4,39.4,4.1,77.5,2.79,0.269,3.08,1.23
Josh Beckett,Red Sox,32,0.0,0.0,0.0,0.0,0.0,0.0,0.0,0.0,0.0,0.0,0.0,0.0,0.0,0.0,0.0,0.0,0.0,0.0,0.0,0.0,0.0,0.0,0.0,0.0,0.0,0.0,0.0,0.0,0.0,0.0,4.2,0.0,2.04,17.0,6.0,32.0,4.0,212.1,198.0,25.0,55.0,199.0,99.0,0.0,0.0,1.0,91.0,7.0,0.0,1.0,2.0,883.0,3.0,1.06,2.33,8.43,3.62,16.3,47.2,12.8,71.6,3.86,0.29,3.63,1.19
Wandy Rodriguez,Astros,33,0.0,0.0,0.0,0.0,0.0,0.0,0.0,0.0,0.0,0.0,0.0,0.0,0.0,0.0,0.0,0.0,0.0,0.0,0.0,0.0,0.0,0.0,0.0,0.0,0.0,0.0,0.0,0.0,0.0,0.0,4.1,0.0,2.67,14.0,12.0,33.0,1.0,205.2,192.0,21.0,63.0,193.0,77.0,0.0,0.0,1.0,69.0,5.0,0.0,5.0,1.0,849.0,2.0,0.92,2.76,8.45,3.06,15.3,44.9,9.9,79.4,3.02,0.302,3.54,1.24
Ricky Nolasco,Marlins,31,0.0,0.0,0.0,0.0,0.0,0.0,0.0,0.0,0.0,0.0,0.0,0.0,0.0,0.0,0.0,0.0,0.0,0.0,0.0,0.0,0.0,0.0,0.0,0.0,0.0,0.0,0.0,0.0,0.0,0.0,4.1,0.0,-1.46,13.0,9.0,31.0,2.0,185.0,188.0,23.0,44.0,195.0,111.0,0.0,0.0,0.0,104.0,2.0,0.0,7.0,0.0,785.0,2.0,1.12,2.14,9.49,4.43,19.2,38.3,11.0,61.0,5.06,0.317,3.35,1.25
Jair Jurrjens,Braves,34,0.0,0.0,0.0,0.0,0.0,0.0,0.0,0.0,0.0,0.0,0.0,0.0,0.0,0.0,0.0,0.0,0.0,0.0,0.0,0.0,0.0,0.0,0.0,0.0,0.0,0.0,0.0,0.0,0.0,0.0,4.0,0.0,3.77,14.0,10.0,34.0,0.0,215.0,186.0,15.0,75.0,152.0,71.0,0.0,0.0,2.0,62.0,3.0,0.0,1.0,0.0,884.0,3.0,0.63,3.14,6.36,2.03,8.7,42.9,6.1,79.4,2.6,0.268,3.68,1.21
Gavin Floyd,White Sox,30,0.0,0.0,0.0,0.0,0.0,0.0,0.0,0.0,0.0,0.0,0.0,0.0,0.0,0.0,0.0,0.0,0.0,0.0,0.0,0.0,0.0,0.0,0.0,0.0,0.0,0.0,0.0,0.0,0.0,0.0,4.0,0.0,2.19,11.0,11.0,30.0,1.0,193.0,178.0,21.0,59.0,163.0,93.0,0.0,0.0,0.0,87.0,2.0,0.0,4.0,0.0,797.0,8.0,0.98,2.75,7.6,2.76,13.1,44.3,11.2,69.7,4.06,0.284,3.77,1.23
Jered Weaver,Angels,33,0.0,0.0,0.0,0.0,0.0,0.0,0.0,0.0,0.0,0.0,0.0,0.0,0.0,0.0,0.0,0.0,0.0,0.0,0.0,0.0,0.0,0.0,0.0,0.0,0.0,0.0,0.0,0.0,0.0,0.0,3.9,0.0,1.81,16.0,8.0,33.0,4.0,211.0,196.0,26.0,66.0,174.0,91.0,0.0,0.0,0.0,88.0,4.0,0.0,3.0,2.0,882.0,3.0,1.11,2.82,7.42,2.64,12.2,30.9,8.3,76.2,3.75,0.278,4.04,1.24
Cole Hamels,Phillies,32,0.0,0.0,0.0,0.0,0.0,0.0,0.0,0.0,0.0,0.0,0.0,0.0,0.0,0.0,0.0,0.0,0.0,0.0,0.0,0.0,0.0,0.0,0.0,0.0,0.0,0.0,0.0,0.0,0.0,0.0,3.9,0.0,0.67,10.0,11.0,32.0,2.0,193.2,206.0,24.0,43.0,168.0,95.0,0.0,0.0,0.0,93.0,5.0,0.0,4.0,2.0,814.0,1.0,1.12,2.0,7.81,3.91,15.4,40.4,10.7,72.1,4.32,0.317,3.72,1.29
Ted Lilly,Cubs,27,0.0,0.0,0.0,0.0,0.0,0.0,0.0,0.0,0.0,0.0,0.0,0.0,0.0,0.0,0.0,0.0,0.0,0.0,0.0,0.0,0.0,0.0,0.0,0.0,0.0,0.0,0.0,0.0,0.0,0.0,3.7,0.0,2.41,12.0,9.0,27.0,0.0,177.0,151.0,22.0,36.0,151.0,66.0,0.0,0.0,3.0,61.0,2.0,0.0,2.0,0.0,706.0,3.0,1.12,1.83,7.68,4.19,16.3,31.9,8.7,77.8,3.1,0.261,3.65,1.06
Carlos Zambrano,Cubs,28,0.0,0.0,0.0,0.0,0.0,0.0,0.0,0.0,0.0,0.0,0.0,0.0,0.0,0.0,0.0,0.0,0.0,0.0,0.0,0.0,0.0,0.0,0.0,0.0,0.0,0.0,0.0,0.0,0.0,0.0,3.7,0.0,1.34,9.0,7.0,28.0,1.0,169.1,155.0,10.0,78.0,152.0,78.0,0.0,0.0,0.0,71.0,9.0,0.0,6.0,1.0,733.0,7.0,0.53,4.15,8.08,1.95,10.1,44.7,5.6,71.9,3.77,0.3,3.61,1.38
Ryan Dempster,Cubs,31,0.0,0.0,0.0,0.0,0.0,0.0,0.0,0.0,0.0,0.0,0.0,0.0,0.0,0.0,0.0,0.0,0.0,0.0,0.0,0.0,0.0,0.0,0.0,0.0,0.0,0.0,0.0,0.0,0.0,0.0,3.6,0.0,0.13,11.0,9.0,31.0,1.0,200.0,196.0,22.0,65.0,172.0,94.0,0.0,0.0,0.0,81.0,6.0,0.0,4.0,1.0,842.0,11.0,0.99,2.93,7.74,2.65,12.7,47.2,11.0,73.2,3.65,0.302,3.87,1.31
Brett Anderson,Athletics,30,0.0,0.0,0.0,0.0,0.0,0.0,0.0,0.0,0.0,0.0,0.0,0.0,0.0,0.0,0.0,0.0,0.0,0.0,0.0,0.0,0.0,0.0,0.0,0.0,0.0,0.0,0.0,0.0,0.0,0.0,3.5,0.0,-0.01,11.0,11.0,30.0,1.0,175.1,180.0,20.0,45.0,150.0,94.0,0.0,0.0,1.0,79.0,3.0,0.0,1.0,1.0,735.0,0.0,1.03,2.31,7.7,3.33,14.3,50.9,11.1,67.0,4.06,0.309,3.69,1.28
Jason Hammel,Rockies,34,0.0,0.0,0.0,0.0,0.0,0.0,0.0,0.0,0.0,0.0,0.0,0.0,0.0,0.0,0.0,0.0,0.0,0.0,0.0,0.0,0.0,0.0,0.0,0.0,0.0,0.0,0.0,0.0,0.0,0.0,3.5,0.0,-0.04,10.0,8.0,30.0,1.0,176.2,203.0,17.0,42.0,133.0,94.0,0.0,0.0,0.0,85.0,9.0,0.0,6.0,0.0,771.0,4.0,0.87,2.14,6.78,3.17,11.8,46.2,9.7,69.5,4.33,0.326,3.71,1.39
Roy Oswalt,Astros,30,0.0,0.0,0.0,0.0,0.0,0.0,0.0,0.0,0.0,0.0,0.0,0.0,0.0,0.0,0.0,0.0,0.0,0.0,0.0,0.0,0.0,0.0,0.0,0.0,0.0,0.0,0.0,0.0,0.0,0.0,3.5,0.0,0.73,8.0,6.0,30.0,3.0,181.1,183.0,19.0,42.0,138.0,83.0,0.0,0.0,0.0,83.0,8.0,0.0,4.0,0.0,757.0,4.0,0.94,2.08,6.85,3.29,12.7,43.3,9.7,72.7,4.12,0.298,3.76,1.24
Scott Baker,Twins,33,0.0,0.0,0.0,0.0,0.0,0.0,0.0,0.0,0.0,0.0,0.0,0.0,0.0,0.0,0.0,0.0,0.0,0.0,0.0,0.0,0.0,0.0,0.0,0.0,0.0,0.0,0.0,0.0,0.0,0.0,3.5,0.0,0.55,15.0,9.0,33.0,1.0,200.0,190.0,28.0,48.0,162.0,99.0,0.0,0.0,0.0,97.0,4.0,0.0,1.0,1.0,828.0,4.0,1.26,2.16,7.29,3.38,13.8,33.4,9.7,70.5,4.37,0.276,4.08,1.19
James Shields,Rays,33,0.0,0.0,0.0,0.0,0.0,0.0,0.0,0.0,0.0,0.0,0.0,0.0,0.0,0.0,0.0,0.0,0.0,0.0,0.0,0.0,0.0,0.0,0.0,0.0,0.0,0.0,0.0,0.0,0.0,0.0,3.5,0.0,-0.21,11.0,12.0,33.0,0.0,219.2,239.0,29.0,52.0,167.0,113.0,0.0,0.0,1.0,101.0,1.0,0.0,1.0,0.0,930.0,3.0,1.19,2.13,6.84,3.21,12.4,42.3,11.2,71.2,4.14,0.308,4.02,1.32
Matt Cain,Giants,33,0.0,0.0,0.0,0.0,0.0,0.0,0.0,0.0,0.0,0.0,0.0,0.0,0.0,0.0,0.0,0.0,0.0,0.0,0.0,0.0,0.0,0.0,0.0,0.0,0.0,0.0,0.0,0.0,0.0,0.0,3.4,0.0,3.4,14.0,8.0,33.0,4.0,217.2,184.0,22.0,73.0,171.0,73.0,0.0,0.0,0.0,70.0,3.0,0.0,6.0,0.0,886.0,9.0,0.91,3.02,7.07,2.34,11.1,39.0,8.4,81.6,2.89,0.263,3.89,1.18
Andy Pettitte,Yankees,32,0.0,0.0,0.0,0.0,0.0,0.0,0.0,0.0,0.0,0.0,0.0,0.0,0.0,0.0,0.0,0.0,0.0,0.0,0.0,0.0,0.0,0.0,0.0,0.0,0.0,0.0,0.0,0.0,0.0,0.0,3.4,0.0,1.4,14.0,8.0,32.0,0.0,194.2,193.0,20.0,76.0,148.0,101.0,0.0,0.0,0.0,90.0,4.0,0.0,1.0,0.0,834.0,3.0,0.92,3.51,6.84,1.95,8.6,42.9,8.9,70.2,4.16,0.295,4.15,1.38
Randy Wolf,Dodgers,34,0.0,0.0,0.0,0.0,0.0,0.0,0.0,0.0,0.0,0.0,0.0,0.0,0.0,0.0,0.0,0.0,0.0,0.0,0.0,0.0,0.0,0.0,0.0,0.0,0.0,0.0,0.0,0.0,0.0,0.0,3.3,0.0,1.21,11.0,7.0,34.0,0.0,214.1,178.0,24.0,58.0,160.0,81.0,0.0,0.0,0.0,77.0,6.0,0.0,1.0,0.0,862.0,4.0,1.01,2.44,6.72,2.76,11.8,39.6,9.2,77.3,3.23,0.251,3.96,1.1
Carl Pavano,Twins,33,0.0,0.0,0.0,0.0,0.0,0.0,0.0,0.0,0.0,0.0,0.0,0.0,0.0,0.0,0.0,0.0,0.0,0.0,0.0,0.0,0.0,0.0,0.0,0.0,0.0,0.0,0.0,0.0,0.0,0.0,3.3,0.0,0.25,14.0,12.0,33.0,1.0,199.1,235.0,26.0,39.0,147.0,119.0,0.0,0.0,0.0,113.0,6.0,0.0,1.0,1.0,854.0,5.0,1.17,1.76,6.64,3.77,12.7,43.4,10.7,66.1,5.1,0.329,4.0,1.37
Jorge de la Rosa,Rockies,33,0.0,0.0,0.0,0.0,0.0,0.0,0.0,0.0,0.0,0.0,0.0,0.0,0.0,0.0,0.0,0.0,0.0,0.0,0.0,0.0,0.0,0.0,0.0,0.0,0.0,0.0,0.0,0.0,0.0,0.0,3.3,0.0,0.96,16.0,9.0,32.0,0.0,185.0,172.0,20.0,83.0,193.0,95.0,0.0,0.0,1.0,90.0,9.0,0.0,3.0,0.0,799.0,12.0,0.97,4.04,9.39,2.33,13.8,44.7,11.8,71.6,4.38,0.308,3.91,1.38
John Lackey,Angels,27,0.0,0.0,0.0,0.0,0.0,0.0,0.0,0.0,0.0,0.0,0.0,0.0,0.0,0.0,0.0,0.0,0.0,0.0,0.0,0.0,0.0,0.0,0.0,0.0,0.0,0.0,0.0,0.0,0.0,0.0,3.3,0.0,1.57,11.0,8.0,27.0,1.0,176.1,177.0,17.0,47.0,139.0,84.0,0.0,0.0,0.0,75.0,9.0,0.0,1.0,1.0,748.0,6.0,0.87,2.4,7.09,2.96,12.3,44.9,9.1,71.2,3.83,0.299,3.73,1.27
Johan Santana,Mets,25,0.0,0.0,0.0,0.0,0.0,0.0,0.0,0.0,0.0,0.0,0.0,0.0,0.0,0.0,0.0,0.0,0.0,0.0,0.0,0.0,0.0,0.0,0.0,0.0,0.0,0.0,0.0,0.0,0.0,0.0,3.3,0.0,1.48,13.0,9.0,25.0,0.0,166.2,156.0,20.0,46.0,146.0,67.0,0.0,0.0,0.0,58.0,3.0,0.0,3.0,0.0,701.0,1.0,1.08,2.48,7.88,3.17,14.3,35.7,8.6,78.0,3.13,0.28,3.79,1.21
Edwin Jackson,Tigers,33,0.0,0.0,0.0,0.0,0.0,0.0,0.0,0.0,0.0,0.0,0.0,0.0,0.0,0.0,0.0,0.0,0.0,0.0,0.0,0.0,0.0,0.0,0.0,0.0,0.0,0.0,0.0,0.0,0.0,0.0,3.3,0.0,3.03,13.0,9.0,33.0,1.0,214.0,200.0,27.0,70.0,161.0,93.0,0.0,0.0,0.0,86.0,5.0,0.0,3.0,0.0,890.0,6.0,1.14,2.94,6.77,2.3,10.2,39.1,9.9,76.7,3.62,0.276,4.28,1.26
Paul Maholm,Pirates,31,0.0,0.0,0.0,0.0,0.0,0.0,0.0,0.0,0.0,0.0,0.0,0.0,0.0,0.0,0.0,0.0,0.0,0.0,0.0,0.0,0.0,0.0,0.0,0.0,0.0,0.0,0.0,0.0,0.0,0.0,3.2,0.0,0.15,8.0,9.0,31.0,0.0,194.2,221.0,14.0,60.0,119.0,102.0,0.0,0.0,1.0,96.0,6.0,0.0,4.0,0.0,836.0,11.0,0.65,2.77,5.5,1.98,7.1,52.1,7.3,69.2,4.44,0.325,3.83,1.44
Jason Marquis,Rockies,33,0.0,0.0,0.0,0.0,0.0,0.0,0.0,0.0,0.0,0.0,0.0,0.0,0.0,0.0,0.0,0.0,0.0,0.0,0.0,0.0,0.0,0.0,0.0,0.0,0.0,0.0,0.0,0.0,0.0,0.0,3.2,0.0,2.5,15.0,13.0,33.0,2.0,216.0,218.0,15.0,80.0,115.0,104.0,0.0,0.0,1.0,97.0,4.0,0.0,6.0,1.0,921.0,6.0,0.62,3.33,4.79,1.44,3.8,55.6,7.8,70.5,4.04,0.287,4.1,1.38
Kevin Correia,Padres,33,0.0,0.0,0.0,0.0,0.0,0.0,0.0,0.0,0.0,0.0,0.0,0.0,0.0,0.0,0.0,0.0,0.0,0.0,0.0,0.0,0.0,0.0,0.0,0.0,0.0,0.0,0.0,0.0,0.0,0.0,3.1,0.0,-0.33,12.0,11.0,33.0,1.0,198.0,194.0,17.0,64.0,142.0,92.0,0.0,0.0,1.0,86.0,4.0,0.0,6.0,1.0,830.0,5.0,0.77,2.91,6.45,2.22,9.4,44.8,7.8,71.4,3.91,0.294,3.81,1.3
Randy Wells,Cubs,27,0.0,0.0,0.0,0.0,0.0,0.0,0.0,0.0,0.0,0.0,0.0,0.0,0.0,0.0,0.0,0.0,0.0,0.0,0.0,0.0,0.0,0.0,0.0,0.0,0.0,0.0,0.0,0.0,0.0,0.0,3.0,0.0,1.92,12.0,10.0,27.0,0.0,165.1,165.0,14.0,46.0,104.0,67.0,0.0,0.0,1.0,56.0,6.0,0.0,4.0,0.0,694.0,3.0,0.76,2.5,5.66,2.26,8.4,47.9,8.0,76.0,3.05,0.28800000000000003,3.88,1.28
Mark Buehrle,White Sox,33,0.0,0.0,0.0,0.0,0.0,0.0,0.0,0.0,0.0,0.0,0.0,0.0,0.0,0.0,0.0,0.0,0.0,0.0,0.0,0.0,0.0,0.0,0.0,0.0,0.0,0.0,0.0,0.0,0.0,0.0,3.0,0.0,1.75,13.0,10.0,33.0,1.0,213.1,222.0,27.0,45.0,105.0,97.0,0.0,0.0,1.0,91.0,5.0,0.0,3.0,1.0,874.0,2.0,1.14,1.9,4.43,2.33,6.9,45.2,10.7,74.7,3.84,0.282,4.46,1.25
Chad Billingsley,Dodgers,33,0.0,0.0,0.0,0.0,0.0,0.0,0.0,0.0,0.0,0.0,0.0,0.0,0.0,0.0,0.0,0.0,0.0,0.0,0.0,0.0,0.0,0.0,0.0,0.0,0.0,0.0,0.0,0.0,0.0,0.0,3.0,0.0,-0.28,12.0,11.0,32.0,0.0,196.1,173.0,17.0,86.0,179.0,94.0,0.0,0.0,0.0,88.0,7.0,0.0,7.0,0.0,823.0,14.0,0.78,3.94,8.21,2.08,11.3,45.3,8.8,71.0,4.03,0.292,3.82,1.32
A.J. Burnett,Yankees,33,0.0,0.0,0.0,0.0,0.0,0.0,0.0,0.0,0.0,0.0,0.0,0.0,0.0,0.0,0.0,0.0,0.0,0.0,0.0,0.0,0.0,0.0,0.0,0.0,0.0,0.0,0.0,0.0,0.0,0.0,3.0,0.0,0.7,13.0,9.0,33.0,1.0,207.0,193.0,25.0,97.0,195.0,99.0,0.0,0.0,1.0,93.0,10.0,0.0,0.0,0.0,896.0,17.0,1.09,4.22,8.48,2.01,10.9,42.8,10.8,75.9,4.04,0.295,4.33,1.4
Matt Garza,Rays,32,0.0,0.0,0.0,0.0,0.0,0.0,0.0,0.0,0.0,0.0,0.0,0.0,0.0,0.0,0.0,0.0,0.0,0.0,0.0,0.0,0.0,0.0,0.0,0.0,0.0,0.0,0.0,0.0,0.0,0.0,3.0,0.0,1.04,8.0,12.0,32.0,0.0,203.0,177.0,25.0,79.0,189.0,93.0,0.0,0.0,0.0,89.0,11.0,0.0,0.0,0.0,861.0,3.0,1.11,3.5,8.38,2.39,12.8,39.7,10.2,75.0,3.95,0.273,4.17,1.26
Max Scherzer,Diamondbacks,30,0.0,0.0,0.0,0.0,0.0,0.0,0.0,0.0,0.0,0.0,0.0,0.0,0.0,0.0,0.0,0.0,0.0,0.0,0.0,0.0,0.0,0.0,0.0,0.0,0.0,0.0,0.0,0.0,0.0,0.0,2.9,0.0,-0.25,9.0,11.0,30.0,0.0,170.1,166.0,20.0,63.0,174.0,94.0,0.0,0.0,1.0,78.0,10.0,0.0,1.0,0.0,741.0,5.0,1.06,3.33,9.19,2.76,15.0,41.8,10.4,68.7,4.12,0.308,3.87,1.34
Jeff Niemann,Rays,31,0.0,0.0,0.0,0.0,0.0,0.0,0.0,0.0,0.0,0.0,0.0,0.0,0.0,0.0,0.0,0.0,0.0,0.0,0.0,0.0,0.0,0.0,0.0,0.0,0.0,0.0,0.0,0.0,0.0,0.0,2.9,0.0,1.56,13.0,6.0,30.0,2.0,180.2,185.0,17.0,59.0,125.0,84.0,0.0,0.0,0.0,79.0,9.0,0.0,1.0,2.0,769.0,6.0,0.85,2.94,6.23,2.12,8.6,40.5,7.6,73.7,3.94,0.301,4.07,1.35
Scott Feldman,Rangers,34,0.0,0.0,0.0,0.0,0.0,0.0,0.0,0.0,0.0,0.0,0.0,0.0,0.0,0.0,0.0,0.0,0.0,0.0,0.0,0.0,0.0,0.0,0.0,0.0,0.0,0.0,0.0,0.0,0.0,0.0,2.9,0.0,2.5,17.0,8.0,31.0,0.0,189.2,178.0,18.0,65.0,113.0,87.0,0.0,0.0,2.0,86.0,9.0,0.0,0.0,0.0,791.0,5.0,0.85,3.08,5.36,1.74,6.1,46.8,9.2,72.8,4.08,0.273,4.31,1.28
Yovani Gallardo,Brewers,30,0.0,0.0,0.0,0.0,0.0,0.0,0.0,0.0,0.0,0.0,0.0,0.0,0.0,0.0,0.0,0.0,0.0,0.0,0.0,0.0,0.0,0.0,0.0,0.0,0.0,0.0,0.0,0.0,0.0,0.0,2.8,0.0,1.32,13.0,12.0,30.0,1.0,185.2,150.0,21.0,94.0,204.0,78.0,0.0,0.0,0.0,77.0,5.0,0.0,5.0,0.0,793.0,9.0,1.02,4.56,9.89,2.17,13.9,45.0,12.3,77.9,3.73,0.275,3.97,1.31
John Danks,White Sox,32,0.0,0.0,0.0,0.0,0.0,0.0,0.0,0.0,0.0,0.0,0.0,0.0,0.0,0.0,0.0,0.0,0.0,0.0,0.0,0.0,0.0,0.0,0.0,0.0,0.0,0.0,0.0,0.0,0.0,0.0,2.7,0.0,1.76,13.0,11.0,32.0,1.0,200.1,184.0,28.0,73.0,149.0,89.0,0.0,0.0,0.0,84.0,5.0,0.0,1.0,0.0,839.0,1.0,1.26,3.28,6.69,2.04,9.1,44.2,11.5,77.7,3.77,0.267,4.59,1.28
Aaron Harang,Reds,26,0.0,0.0,0.0,0.0,0.0,0.0,0.0,0.0,0.0,0.0,0.0,0.0,0.0,0.0,0.0,0.0,0.0,0.0,0.0,0.0,0.0,0.0,0.0,0.0,0.0,0.0,0.0,0.0,0.0,0.0,2.6,0.0,0.14,6.0,14.0,26.0,2.0,162.1,186.0,24.0,43.0,142.0,82.0,0.0,0.0,0.0,76.0,4.0,0.0,6.0,1.0,703.0,6.0,1.33,2.38,7.87,3.3,14.1,34.9,11.7,75.7,4.21,0.331,4.14,1.41
Derek Lowe,Braves,34,0.0,0.0,0.0,0.0,0.0,0.0,0.0,0.0,0.0,0.0,0.0,0.0,0.0,0.0,0.0,0.0,0.0,0.0,0.0,0.0,0.0,0.0,0.0,0.0,0.0,0.0,0.0,0.0,0.0,0.0,2.5,0.0,-1.32,15.0,10.0,34.0,0.0,194.2,232.0,16.0,63.0,111.0,109.0,0.0,0.0,2.0,101.0,4.0,0.0,7.0,0.0,855.0,4.0,0.74,2.91,5.13,1.76,5.6,56.3,9.4,68.7,4.67,0.327,4.06,1.52
Nick Blackburn,Twins,33,0.0,0.0,0.0,0.0,0.0,0.0,0.0,0.0,0.0,0.0,0.0,0.0,0.0,0.0,0.0,0.0,0.0,0.0,0.0,0.0,0.0,0.0,0.0,0.0,0.0,0.0,0.0,0.0,0.0,0.0,2.4,0.0,0.45,11.0,11.0,33.0,3.0,205.2,240.0,25.0,41.0,98.0,103.0,0.0,0.0,0.0,92.0,3.0,0.0,1.0,0.0,882.0,2.0,1.09,1.79,4.29,2.39,6.5,45.7,9.4,72.7,4.03,0.301,4.37,1.37
Zach Duke,Pirates,32,0.0,0.0,0.0,0.0,0.0,0.0,0.0,0.0,0.0,0.0,0.0,0.0,0.0,0.0,0.0,0.0,0.0,0.0,0.0,0.0,0.0,0.0,0.0,0.0,0.0,0.0,0.0,0.0,0.0,0.0,2.4,0.0,-0.9,11.0,16.0,32.0,3.0,213.0,231.0,23.0,49.0,106.0,101.0,0.0,0.0,1.0,96.0,3.0,0.0,0.0,1.0,891.0,2.0,0.97,2.07,4.48,2.16,6.4,47.7,10.0,72.6,4.06,0.293,4.24,1.31
Ricky Romero,Blue Jays,29,0.0,0.0,0.0,0.0,0.0,0.0,0.0,0.0,0.0,0.0,0.0,0.0,0.0,0.0,0.0,0.0,0.0,0.0,0.0,0.0,0.0,0.0,0.0,0.0,0.0,0.0,0.0,0.0,0.0,0.0,2.3,0.0,0.43,13.0,9.0,29.0,0.0,178.0,192.0,18.0,79.0,141.0,88.0,0.0,0.0,1.0,85.0,10.0,0.0,0.0,0.0,771.0,6.0,0.91,3.99,7.13,1.78,8.0,54.0,12.8,75.5,4.3,0.333,4.33,1.52
Joe Blanton,Phillies,31,0.0,0.0,0.0,0.0,0.0,0.0,0.0,0.0,0.0,0.0,0.0,0.0,0.0,0.0,0.0,0.0,0.0,0.0,0.0,0.0,0.0,0.0,0.0,0.0,0.0,0.0,0.0,0.0,0.0,0.0,2.2,0.0,0.3,12.0,8.0,31.0,0.0,195.1,198.0,30.0,59.0,163.0,89.0,0.0,0.0,0.0,88.0,8.0,0.0,4.0,0.0,837.0,7.0,1.38,2.72,7.51,2.76,12.4,40.6,12.9,78.9,4.05,0.29100000000000004,4.45,1.32
Barry Zito,Giants,33,0.0,0.0,0.0,0.0,0.0,0.0,0.0,0.0,0.0,0.0,0.0,0.0,0.0,0.0,0.0,0.0,0.0,0.0,0.0,0.0,0.0,0.0,0.0,0.0,0.0,0.0,0.0,0.0,0.0,0.0,2.1,0.0,0.56,10.0,13.0,33.0,1.0,192.0,179.0,21.0,81.0,154.0,89.0,0.0,0.0,2.0,86.0,8.0,0.0,8.0,0.0,818.0,2.0,0.98,3.8,7.22,1.9,8.9,37.9,9.5,75.0,4.03,0.285,4.31,1.35
Jon Garland,Dodgers,33,0.0,0.0,0.0,0.0,0.0,0.0,0.0,0.0,0.0,0.0,0.0,0.0,0.0,0.0,0.0,0.0,0.0,0.0,0.0,0.0,0.0,0.0,0.0,0.0,0.0,0.0,0.0,0.0,0.0,0.0,2.1,0.0,-0.47,11.0,13.0,33.0,1.0,204.0,225.0,23.0,61.0,109.0,106.0,0.0,0.0,0.0,91.0,6.0,0.0,7.0,0.0,882.0,6.0,1.01,2.69,4.81,1.79,5.4,45.7,9.5,71.6,4.01,0.29600000000000004,4.48,1.4
Kevin Millwood,Rangers,31,0.0,0.0,0.0,0.0,0.0,0.0,0.0,0.0,0.0,0.0,0.0,0.0,0.0,0.0,0.0,0.0,0.0,0.0,0.0,0.0,0.0,0.0,0.0,0.0,0.0,0.0,0.0,0.0,0.0,0.0,2.1,0.0,0.99,13.0,10.0,31.0,3.0,198.2,195.0,26.0,71.0,123.0,88.0,0.0,0.0,0.0,81.0,11.0,0.0,0.0,0.0,850.0,8.0,1.18,3.22,5.57,1.73,6.1,42.3,10.6,78.6,3.67,0.273,4.8,1.34
Bronson Arroyo,Reds,33,0.0,0.0,0.0,0.0,0.0,0.0,0.0,0.0,0.0,0.0,0.0,0.0,0.0,0.0,0.0,0.0,0.0,0.0,0.0,0.0,0.0,0.0,0.0,0.0,0.0,0.0,0.0,0.0,0.0,0.0,2.0,0.0,1.63,15.0,13.0,33.0,3.0,220.1,214.0,31.0,65.0,127.0,101.0,0.0,0.0,0.0,94.0,9.0,0.0,6.0,2.0,923.0,1.0,1.27,2.66,5.19,1.95,6.7,44.8,11.9,76.5,3.84,0.265,4.78,1.27
Jonathan Sanchez,Giants,32,0.0,0.0,0.0,0.0,0.0,0.0,0.0,0.0,0.0,0.0,0.0,0.0,0.0,0.0,0.0,0.0,0.0,0.0,0.0,0.0,0.0,0.0,0.0,0.0,0.0,0.0,0.0,0.0,0.0,0.0,2.0,0.0,-1.26,8.0,12.0,29.0,1.0,163.1,135.0,19.0,88.0,177.0,82.0,0.0,0.0,0.0,77.0,6.0,1.0,5.0,1.0,710.0,11.0,1.05,4.85,9.75,2.01,12.5,40.7,10.3,72.6,4.24,0.276,4.17,1.37
Jarrod Washburn,Tigers,28,0.0,0.0,0.0,0.0,0.0,0.0,0.0,0.0,0.0,0.0,0.0,0.0,0.0,0.0,0.0,0.0,0.0,0.0,0.0,0.0,0.0,0.0,0.0,0.0,0.0,0.0,0.0,0.0,0.0,0.0,1.9,0.0,1.98,9.0,9.0,28.0,1.0,176.0,160.0,23.0,49.0,100.0,77.0,0.0,0.0,0.0,74.0,5.0,0.0,1.0,1.0,724.0,1.0,1.18,2.51,5.11,2.04,7.0,37.6,9.7,75.4,3.78,0.25,4.58,1.19
Brad Penny,Giants,30,0.0,0.0,0.0,0.0,0.0,0.0,0.0,0.0,0.0,0.0,0.0,0.0,0.0,0.0,0.0,0.0,0.0,0.0,0.0,0.0,0.0,0.0,0.0,0.0,0.0,0.0,0.0,0.0,0.0,0.0,1.8,0.0,-0.25,11.0,9.0,30.0,1.0,173.1,191.0,22.0,51.0,109.0,102.0,0.0,0.0,0.0,94.0,5.0,0.0,0.0,0.0,751.0,6.0,1.14,2.65,5.66,2.14,7.7,43.7,9.9,67.1,4.88,0.3,4.46,1.4
J.A. Happ,Phillies,35,0.0,0.0,0.0,0.0,0.0,0.0,0.0,0.0,0.0,0.0,0.0,0.0,0.0,0.0,0.0,0.0,0.0,0.0,0.0,0.0,0.0,0.0,0.0,0.0,0.0,0.0,0.0,0.0,0.0,0.0,1.7,0.0,1.76,12.0,4.0,23.0,3.0,166.0,149.0,20.0,56.0,119.0,55.0,0.0,0.0,0.0,54.0,5.0,0.0,2.0,2.0,685.0,2.0,1.08,3.04,6.45,2.13,9.2,38.4,9.5,85.2,2.93,0.266,4.33,1.23
Mike Pelfrey,Mets,31,0.0,0.0,0.0,0.0,0.0,0.0,0.0,0.0,0.0,0.0,0.0,0.0,0.0,0.0,0.0,0.0,0.0,0.0,0.0,0.0,0.0,0.0,0.0,0.0,0.0,0.0,0.0,0.0,0.0,0.0,1.7,0.0,-1.98,10.0,12.0,31.0,0.0,184.1,213.0,18.0,66.0,107.0,112.0,0.0,0.0,6.0,103.0,7.0,0.0,8.0,0.0,824.0,1.0,0.88,3.22,5.22,1.62,5.0,51.3,9.5,66.7,5.03,0.312,4.39,1.51
Livan Hernandez,Nationals,31,0.0,0.0,0.0,0.0,0.0,0.0,0.0,0.0,0.0,0.0,0.0,0.0,0.0,0.0,0.0,0.0,0.0,0.0,0.0,0.0,0.0,0.0,0.0,0.0,0.0,0.0,0.0,0.0,0.0,0.0,1.6,0.0,-1.6,9.0,12.0,31.0,2.0,183.2,220.0,19.0,67.0,102.0,112.0,0.0,0.0,0.0,111.0,1.0,0.0,5.0,0.0,806.0,1.0,0.93,3.28,5.0,1.52,4.3,40.6,8.4,67.3,5.44,0.326,4.44,1.56
Johnny Cueto,Reds,30,0.0,0.0,0.0,0.0,0.0,0.0,0.0,0.0,0.0,0.0,0.0,0.0,0.0,0.0,0.0,0.0,0.0,0.0,0.0,0.0,0.0,0.0,0.0,0.0,0.0,0.0,0.0,0.0,0.0,0.0,1.6,0.0,0.09,11.0,11.0,30.0,0.0,171.1,172.0,24.0,61.0,132.0,90.0,0.0,0.0,0.0,84.0,14.0,0.0,0.0,0.0,740.0,4.0,1.26,3.2,6.93,2.16,9.6,41.6,11.2,73.6,4.41,0.29100000000000004,4.69,1.36
Jeremy Guthrie,Orioles,33,0.0,0.0,0.0,0.0,0.0,0.0,0.0,0.0,0.0,0.0,0.0,0.0,0.0,0.0,0.0,0.0,0.0,0.0,0.0,0.0,0.0,0.0,0.0,0.0,0.0,0.0,0.0,0.0,0.0,0.0,1.5,0.0,-1.79,10.0,17.0,33.0,1.0,200.0,224.0,35.0,60.0,110.0,120.0,0.0,0.0,1.0,112.0,9.0,0.0,1.0,0.0,874.0,1.0,1.57,2.7,4.95,1.83,5.7,34.7,10.9,70.9,5.04,0.28600000000000003,5.31,1.42
John Lannan,Nationals,33,0.0,0.0,0.0,0.0,0.0,0.0,0.0,0.0,0.0,0.0,0.0,0.0,0.0,0.0,0.0,0.0,0.0,0.0,0.0,0.0,0.0,0.0,0.0,0.0,0.0,0.0,0.0,0.0,0.0,0.0,1.4,0.0,0.13,9.0,13.0,33.0,2.0,206.1,210.0,22.0,68.0,89.0,100.0,0.0,0.0,0.0,89.0,6.0,0.0,5.0,1.0,875.0,3.0,0.96,2.97,3.88,1.31,2.4,51.9,10.5,72.7,3.88,0.272,4.7,1.35
Doug Davis,Diamondbacks,34,0.0,0.0,0.0,0.0,0.0,0.0,0.0,0.0,0.0,0.0,0.0,0.0,0.0,0.0,0.0,0.0,0.0,0.0,0.0,0.0,0.0,0.0,0.0,0.0,0.0,0.0,0.0,0.0,0.0,0.0,1.4,0.0,0.84,9.0,14.0,34.0,0.0,203.1,203.0,25.0,103.0,146.0,101.0,0.0,0.0,1.0,93.0,4.0,0.0,1.0,0.0,889.0,12.0,1.11,4.56,6.46,1.42,4.8,43.1,11.7,76.0,4.12,0.29100000000000004,4.84,1.5
Rick Porcello,Tigers,31,0.0,0.0,0.0,0.0,0.0,0.0,0.0,0.0,0.0,0.0,0.0,0.0,0.0,0.0,0.0,0.0,0.0,0.0,0.0,0.0,0.0,0.0,0.0,0.0,0.0,0.0,0.0,0.0,0.0,0.0,1.3,0.0,1.23,14.0,9.0,31.0,0.0,170.2,176.0,23.0,52.0,89.0,81.0,0.0,0.0,1.0,75.0,3.0,0.0,0.0,0.0,720.0,6.0,1.21,2.74,4.69,1.71,5.1,54.2,14.1,75.5,3.96,0.277,4.77,1.34
Ross Ohlendorf,Pirates,29,0.0,0.0,0.0,0.0,0.0,0.0,0.0,0.0,0.0,0.0,0.0,0.0,0.0,0.0,0.0,0.0,0.0,0.0,0.0,0.0,0.0,0.0,0.0,0.0,0.0,0.0,0.0,0.0,0.0,0.0,1.2,0.0,0.65,11.0,10.0,29.0,0.0,176.2,165.0,25.0,53.0,109.0,80.0,0.0,0.0,1.0,77.0,7.0,0.0,1.0,0.0,725.0,2.0,1.27,2.7,5.55,2.06,7.7,40.6,11.1,76.3,3.92,0.264,4.72,1.23
Joe Saunders,Angels,31,0.0,0.0,0.0,0.0,0.0,0.0,0.0,0.0,0.0,0.0,0.0,0.0,0.0,0.0,0.0,0.0,0.0,0.0,0.0,0.0,0.0,0.0,0.0,0.0,0.0,0.0,0.0,0.0,0.0,0.0,0.9,0.0,-0.6,16.0,7.0,31.0,1.0,186.0,202.0,29.0,64.0,101.0,102.0,0.0,0.0,1.0,95.0,6.0,0.0,2.0,1.0,805.0,5.0,1.4,3.1,4.89,1.58,4.6,46.8,12.8,73.5,4.6,0.28600000000000003,5.17,1.43
Trevor Cahill,Athletics,32,0.0,0.0,0.0,0.0,0.0,0.0,0.0,0.0,0.0,0.0,0.0,0.0,0.0,0.0,0.0,0.0,0.0,0.0,0.0,0.0,0.0,0.0,0.0,0.0,0.0,0.0,0.0,0.0,0.0,0.0,0.2,0.0,-0.76,10.0,13.0,32.0,0.0,178.2,185.0,27.0,72.0,90.0,99.0,0.0,0.0,0.0,92.0,4.0,0.0,1.0,0.0,773.0,5.0,1.36,3.63,4.53,1.25,2.3,47.8,13.2,72.6,4.63,0.272,5.33,1.44
Braden Looper,Brewers,34,0.0,0.0,0.0,0.0,0.0,0.0,0.0,0.0,0.0,0.0,0.0,0.0,0.0,0.0,0.0,0.0,0.0,0.0,0.0,0.0,0.0,0.0,0.0,0.0,0.0,0.0,0.0,0.0,0.0,0.0,-0.5,0.0,-1.77,14.0,7.0,34.0,0.0,194.2,226.0,39.0,64.0,100.0,123.0,0.0,0.0,0.0,113.0,5.0,0.0,6.0,0.0,866.0,5.0,1.8,2.96,4.62,1.56,4.2,46.4,15.8,71.6,5.22,0.284,5.74,1.49
